{"type":"FeatureCollection","features":[{"type":"Feature","geometry":{"type":"Polygon","coordinates":[[[-76.4638759999999,36.97046300031627],[-76.46219899987467,36.96846699969123],[-76.46008599973136,36.965763000047936],[-76.459038999793,36.963880999809454],[-76.45866200022444,36.96320299968591],[-76.4571259996662,36.96056300006847],[-76.45555800021924,36.9578430000639],[-76.45424599996701,36.9554910002663],[-76.45242200042702,36.95277099999862],[-76.44982999970958,36.94830699973395],[-76.44741399961755,36.94481900030204],[-76.44536499994666,36.942355000005804],[-76.44530100037257,36.94189099968722],[-76.44464500024644,36.941106999908136],[-76.4424529995621,36.93931499966224],[-76.43912500014923,36.93713900035447],[-76.435989000357,36.93573099983527],[-76.43478900025775,36.935283000122276],[-76.4325329999993,36.934899000323874],[-76.42845300020085,36.93421099973583],[-76.4229799999593,36.933251000342416],[-76.41801999972874,36.932274999705456],[-76.41243600005744,36.9314589999043],[-76.41226399962999,36.93143600003234],[-76.41204100004722,36.93140699993417],[-76.41065099997718,36.93122299992072],[-76.40734799978037,36.93078700009814],[-76.40722599958163,36.93078399996395],[-76.40705900007536,36.93078099982959],[-76.40696500036402,36.93077899997932],[-76.40677799986798,36.93077500027859],[-76.40665800021738,36.930772000143875],[-76.406561000133,36.93077000029338],[-76.40280400037473,36.93069100005258],[-76.40083599999637,36.93069100005258],[-76.39956700030017,36.93094700014482],[-76.38586699961624,36.949647000175226],[-76.38477500037035,36.950712000053834],[-76.38441899981987,36.951058999910934],[-76.38262700006695,36.95247300003228],[-76.40586800019695,36.97174699977536],[-76.40575600004397,36.97186799984512],[-76.40546399996592,36.97218800002189],[-76.40651599992715,36.972752999886254],[-76.40812600010523,36.973606999699825],[-76.40904599982198,36.97409399977885],[-76.40953799991658,36.974358999996596],[-76.41007000019414,36.97466199968901],[-76.41014999966175,36.97471599969226],[-76.41023800042362,36.974793000082514],[-76.41031100021857,36.97487899989503],[-76.41083599992511,36.9757260002418],[-76.41088899962855,36.97579099970439],[-76.41095800012384,36.97584600003437],[-76.41095300010099,36.97586600034022],[-76.41095700029895,36.975904999809146],[-76.4117079999613,36.97712799975198],[-76.41439699986479,36.9760590002587],[-76.4149600001045,36.975834999828],[-76.4160730001651,36.97684600027646],[-76.41629999994582,36.97705299964226],[-76.4165100000081,36.97688499996081],[-76.41668699956011,36.97676800013013],[-76.41687599970601,36.97666200020794],[-76.41718600022571,36.97654299995017],[-76.41789900025324,36.976255000184324],[-76.41829599991328,36.97690000016531],[-76.4186909999235,36.97754199997459],[-76.4190859999337,36.97818499977044],[-76.41949199981457,36.97884600008992],[-76.41990100006848,36.979506000046484],[-76.42005699970409,36.97975799972007],[-76.42040300020882,36.98031500013536],[-76.42064400023322,36.98070600017489],[-76.42109500031995,36.98143700003827],[-76.42127299969685,36.98136700012277],[-76.42143500007856,36.981291999885556],[-76.42149100015506,36.98126700002924],[-76.42156099957695,36.9812319996425],[-76.42172799998151,36.98113900032053],[-76.42182699971572,36.98108400022816],[-76.4220290002804,36.98095299990027],[-76.42214100043338,36.98086499980531],[-76.42224500019047,36.980772000034754],[-76.42236300019124,36.98064800016379],[-76.4224660001234,36.980516000171704],[-76.422585999774,36.98032999966372],[-76.42270600032292,36.98016299967673],[-76.42283900039233,36.98000900035652],[-76.42294200032447,36.97990600027841],[-76.42308399971638,36.979785999712014],[-76.42324299972503,36.9796750000422],[-76.4233380001596,36.979616999962836],[-76.42355999991744,36.979498999664884],[-76.42369999965953,36.979437000152615],[-76.42376400013194,36.97941300005009],[-76.42388299995764,36.979372000216166],[-76.42406700008064,36.97932300031572],[-76.42433599969415,36.97927199965355],[-76.42444799984716,36.9792469998511],[-76.42453999990867,36.97922200004051],[-76.4245929996121,36.97929100012935],[-76.42531900005842,36.980332999999604],[-76.42555300041016,36.980646999816805],[-76.4258670002295,36.98109200008748],[-76.42628200033121,36.981736999971886],[-76.42662799993762,36.98228799973453],[-76.42714299959843,36.98316399991736],[-76.42718299978141,36.98323600024069],[-76.42743700022461,36.98369600002058],[-76.42746900001167,36.98374699987012],[-76.42786900004474,36.98424699994738],[-76.42796600012913,36.98440900024634],[-76.42811900029001,36.984632999834574],[-76.42838899972843,36.98503399995205],[-76.42871699979149,36.98546199988032],[-76.42875199995159,36.9855080000009],[-76.42881499970078,36.985631000280314],[-76.42919700019051,36.98638300014896],[-76.42943300019206,36.98674600028598],[-76.42998700021094,36.987583999699744],[-76.43076100033784,36.988757000112145],[-76.43203699970674,36.988242000139884],[-76.43354999980043,36.98763199976512],[-76.43410200016949,36.9874189996477],[-76.43589700029548,36.986719000252386],[-76.4354980000873,36.986066999773826],[-76.43510899992488,36.985435999675104],[-76.43471100043993,36.984796999896474],[-76.43430899985873,36.984152000120986],[-76.43597699976313,36.98349499977405],[-76.43600799972526,36.98347600034807],[-76.43603200001469,36.98345000018164],[-76.4360460002584,36.983420000199395],[-76.43604899973313,36.98338899989432],[-76.43604500043348,36.98336500032078],[-76.43580400040906,36.98296200010153],[-76.43569899992876,36.98279700007066],[-76.43529899989569,36.982164000181484],[-76.43554199956994,36.98206600035703],[-76.43663999956193,36.9816430002156],[-76.43697000017312,36.981446999815915],[-76.43694400023386,36.981389999989354],[-76.44338300022291,36.97873000005845],[-76.4638759999999,36.97046300031627]]]},"properties":{"geoid":"51700030100","tract_name":"Census Tract 301","designation_status":"Planning candidate only; not federally designated","candidate_basis":"Contains a documented shipyard, ship-repair facility, marine terminal, or terminal project matching proposed Maritime Prosperity Zone screening concepts.","facility_count":1,"facilities":[{"name":"Newport News Marine Terminal","type":"Marine terminal"}],"sources":[{"label":"Port of Virginia terminal information","url":"https://operations.portofvirginia.com/terminal-directions/"}]}},{"type":"Feature","geometry":{"type":"Polygon","coordinates":[[[-76.49208999988095,36.99288900000643],[-76.48620999993362,36.98861299980229],[-76.48619800023806,36.988603999773886],[-76.48612100024518,36.9885470002867],[-76.48611200002433,36.98854100026268],[-76.48506000006309,36.98777299973709],[-76.48477499965773,36.98756499985989],[-76.48476100031235,36.987555000168825],[-76.48471799975633,36.987524000113616],[-76.48469799966485,36.98750899985094],[-76.48328300037875,36.986476000236415],[-76.48137699992468,36.985084000051145],[-76.47541300031176,36.980731999843805],[-76.47373500036163,36.97950699969085],[-76.47147900010319,36.97793900005386],[-76.46962299987781,36.97629099967642],[-76.46818299957906,36.97502699989563],[-76.46735099972585,36.974146999752676],[-76.46711100042464,36.97384299972642],[-76.46629499956664,36.973027000186434],[-76.46455100039259,36.97126700017182],[-76.4638759999999,36.97046300031627],[-76.44338300022291,36.97873000005845],[-76.43694400023386,36.981389999989354],[-76.43697000017312,36.981446999815915],[-76.43663999956193,36.9816430002156],[-76.43554199956994,36.98206600035703],[-76.43529899989569,36.982164000181484],[-76.43569899992876,36.98279700007066],[-76.43580400040906,36.98296200010153],[-76.43604500043348,36.98336500032078],[-76.43604899973313,36.98338899989432],[-76.4360460002584,36.983420000199395],[-76.43603200001469,36.98345000018164],[-76.43600799972526,36.98347600034807],[-76.43597699976313,36.98349499977405],[-76.43430899985873,36.984152000120986],[-76.43471100043993,36.984796999896474],[-76.43510899992488,36.985435999675104],[-76.4354980000873,36.986066999773826],[-76.43589700029548,36.986719000252386],[-76.43410200016949,36.9874189996477],[-76.43354999980043,36.98763199976512],[-76.43203699970674,36.988242000139884],[-76.43076100033784,36.988757000112145],[-76.43161699958219,36.990144000139914],[-76.43232200011211,36.991304000001485],[-76.43311899980522,36.99257700015488],[-76.43332700021767,36.99291000032301],[-76.433533000082,36.993230999725455],[-76.43395499985638,36.99388500012952],[-76.43420500010164,36.99429199983368],[-76.43474300022699,36.995187999788406],[-76.43505399967329,36.9956619997005],[-76.43602299979388,36.99727500000979],[-76.43776400039151,37.00012099997435],[-76.43832300043324,37.000937000203166],[-76.43909400018708,37.0021889999049],[-76.43960600037316,37.003013999937394],[-76.44051100002132,37.00438499980557],[-76.4407429998249,37.004763999869816],[-76.44257300011101,37.00775100023104],[-76.44499699970062,37.011772000102276],[-76.44610700028649,37.01358999987812],[-76.44670800016104,37.014548000147634],[-76.44701199993465,37.01503400003816],[-76.44724000043858,37.015395999805314],[-76.44872800041793,37.017931999811914],[-76.4487970000149,37.01803900017331],[-76.44969300034055,37.019529999886565],[-76.44994199986257,37.01992300023932],[-76.4507539996243,37.02123100025683],[-76.45121300010693,37.02196999990784],[-76.45181300015655,37.02301699994106],[-76.45236999965014,37.023906999765785],[-76.45239399993962,37.0239449999259],[-76.45245900023693,37.024048999662945],[-76.45296999969977,37.02392400029271],[-76.45339599967213,37.023765000320346],[-76.4538300000404,37.02346799985954],[-76.4539420001934,37.023373000261486],[-76.45517099970664,37.022347000188866],[-76.45546299978469,37.0217150001068],[-76.45559400020426,37.02101800030013],[-76.45590800002361,37.02060999968545],[-76.45729200024587,37.01950600024263],[-76.45761600011097,37.01931300011101],[-76.45930900012972,37.01861700035113],[-76.48212000008944,37.000691000164785],[-76.48280299997974,37.00014700018178],[-76.49208999988095,36.99288900000643]]]},"properties":{"geoid":"51700031100","tract_name":"Census Tract 311","designation_status":"Planning candidate only; not federally designated","candidate_basis":"Contains a documented shipyard, ship-repair facility, marine terminal, or terminal project matching proposed Maritime Prosperity Zone screening concepts.","facility_count":1,"facilities":[{"name":"Newport News Shipbuilding","type":"Shipyard"}],"sources":[{"label":"MARAD 2025 Shipbuilding and Repair Facilities Survey","url":"https://www.maritime.dot.gov/US_Shipbuilding_Facilities_2025"}]}},{"type":"Feature","geometry":{"type":"Polygon","coordinates":[[[-76.32128599992994,36.902540999896026],[-76.32200599963016,36.89963199978243],[-76.31896400044756,36.902647000251754],[-76.3181789995517,36.90374100019975],[-76.31604100019234,36.90654000018025],[-76.31230299980236,36.906534000158416],[-76.31016700009282,36.90653099978819],[-76.30506100027237,36.90613400027544],[-76.30490999976134,36.9061220001675],[-76.30160999993757,36.90612800022168],[-76.30092700004727,36.90596799981236],[-76.29877799991894,36.90546399974177],[-76.29821800005229,36.905333000064786],[-76.29667399999646,36.90453700033367],[-76.2918629997288,36.90134699982747],[-76.29141400019024,36.90201999970718],[-76.29130600023521,36.90218300031684],[-76.28974399973772,36.90439500003401],[-76.288054000092,36.90681799971451],[-76.28776600021193,36.9073390001831],[-76.28793400044142,36.90792499988602],[-76.28811400036648,36.90820599970605],[-76.28851900042243,36.908751000146125],[-76.28902499986239,36.90981099986775],[-76.28915000043419,36.91031800017325],[-76.28925900021413,36.91095700011049],[-76.28935799994834,36.91111099973214],[-76.28949100001772,36.911317999643245],[-76.28958599955396,36.9114419996437],[-76.29001099970141,36.9113590002044],[-76.2902779996651,36.91130700017221],[-76.29053999960591,36.91127199995099],[-76.29083000003415,36.911242000261616],[-76.2912779997478,36.91120300000142],[-76.29162099987948,36.9111620000747],[-76.29223500017281,36.91109499967397],[-76.2924119997248,36.91107500031482],[-76.29322100001181,36.91099999979824],[-76.293319999746,36.91159400008746],[-76.29338099984537,36.91158200012016],[-76.2942350003382,36.911507000102084],[-76.29437199970725,36.911515999907024],[-76.29456900024906,36.91157300032295],[-76.29466899980817,36.9115949999051],[-76.29479900040283,36.91167500035618],[-76.29492400007629,36.91167699998927],[-76.2951080001993,36.911657000064494],[-76.29526399983493,36.91158900028085],[-76.29540899959989,36.911539999860516],[-76.29569400000524,36.911486000313616],[-76.29603399976386,36.91143100019049],[-76.29642799994916,36.91132800000991],[-76.29669499991284,36.9112489997353],[-76.2971979998781,36.91114600002723],[-76.29762300002552,36.91116399972123],[-76.29785900002707,36.91118900032672],[-76.29622100025993,36.9126600000663],[-76.2961979997954,36.91270799996416],[-76.29606200025128,36.912958999671154],[-76.29583399974732,36.91312299969175],[-76.29562700005809,36.91336000019336],[-76.29546499967638,36.91355500009022],[-76.29534000000291,36.91366500010678],[-76.29529300014724,36.91388200030113],[-76.2954949998136,36.91389200033157],[-76.29639100013924,36.91386699989382],[-76.29638600011637,36.91401599973878],[-76.2964039996597,36.91436999997216],[-76.2964239997512,36.91460899974645],[-76.29642700012425,36.91464300009527],[-76.29641999955324,36.9146609996823],[-76.29643899981981,36.915371999723625],[-76.29645700026147,36.916099000049066],[-76.29637100004774,36.91610100028441],[-76.2960019999768,36.91610599979521],[-76.29581200000601,36.91610899978883],[-76.29576199977728,36.91610899978883],[-76.29577400037118,36.91641499995523],[-76.2958549996637,36.918459999687265],[-76.29587700030334,36.9190159999165],[-76.2958820003262,36.919143000203555],[-76.29588599962584,36.91925399977794],[-76.29589200037196,36.91940400030483],[-76.29897899976038,36.91908799985641],[-76.30106000011664,36.9189139996459],[-76.30342699980487,36.9188080003467],[-76.30485100021009,36.91870299990642],[-76.30750199958045,36.918426000321936],[-76.30882399987843,36.91831300008328],[-76.30911699978138,36.91826800003055],[-76.30953199988308,36.91816300028317],[-76.31023300021505,36.91779499980143],[-76.31039399987353,36.91770999990028],[-76.31047099986642,36.91766899988027],[-76.31107000009114,36.917347999995286],[-76.31115600030485,36.917302000348585],[-76.31183099979924,36.91720200014657],[-76.31197200026455,36.91710100006791],[-76.31317900003648,36.91623200014414],[-76.31411899984474,36.915516999718385],[-76.31485799981154,36.91482799967844],[-76.31599000013871,36.91544100021123],[-76.31606600030669,36.9154359999386],[-76.31620199985082,36.915386000067],[-76.3163130001789,36.91528300019956],[-76.31639900039262,36.91515999975023],[-76.31651599967019,36.914976000027444],[-76.31667499967884,36.915058000068015],[-76.31685100030425,36.91510699966481],[-76.31759699994375,36.915058000068015],[-76.31876400043102,36.914646999924024],[-76.32087900022417,36.90449299996555],[-76.32128599992994,36.902540999896026]]]},"properties":{"geoid":"51710001200","tract_name":"Census Tract 12","designation_status":"Planning candidate only; not federally designated","candidate_basis":"Contains a documented shipyard, ship-repair facility, marine terminal, or terminal project matching proposed Maritime Prosperity Zone screening concepts.","facility_count":1,"facilities":[{"name":"Norfolk International Terminals","type":"Marine terminal"}],"sources":[{"label":"Port of Virginia terminal information","url":"https://operations.portofvirginia.com/terminal-directions/"}]}},{"type":"Feature","geometry":{"type":"Polygon","coordinates":[[[-76.2757950004301,36.844168000040895],[-76.27587900009567,36.84353500029692],[-76.27528700044198,36.84144400030476],[-76.27516000022037,36.84094600005798],[-76.27510499996879,36.84063799996558],[-76.27503800002164,36.84026700018429],[-76.27496199985364,36.839847000335276],[-76.27104899956147,36.840121000282664],[-76.26926199983139,36.840247000243814],[-76.26721900000828,36.840554999754154],[-76.2658890002127,36.84068299977403],[-76.2652070001473,36.84075000014273],[-76.26512099993357,36.84075700032809],[-76.26503399989494,36.840764999820166],[-76.26257900034317,36.84079799996304],[-76.263017999836,36.84305799993406],[-76.26302100020905,36.843155000236784],[-76.26311999994324,36.8436140001934],[-76.2632360002942,36.84387999969979],[-76.26336000014275,36.844081000134594],[-76.26349900005994,36.844279000099924],[-76.26370400009935,36.84445999992835],[-76.26391300033671,36.84460700014892],[-76.26399500035248,36.84485700023201],[-76.26413199972151,36.84506699998647],[-76.26421000043764,36.84513700001604],[-76.26438299979168,36.8452920001103],[-76.26424700024756,36.845970999936924],[-76.25922500009273,36.846097000323454],[-76.25739399998172,36.84611300034627],[-76.25274900029375,36.846253999818565],[-76.25274799957053,36.846601999743356],[-76.25273099985208,36.846740999855264],[-76.25270200043808,36.8468789997681],[-76.25266999975271,36.84697500031069],[-76.25260000033083,36.847125999782],[-76.25251699959183,36.84726099989476],[-76.25241799985763,36.847387000312075],[-76.2522820003135,36.847525999715685],[-76.2521910000769,36.847602999928206],[-76.25202700004539,36.84771599990362],[-76.25189700034906,36.84779000012146],[-76.25172999994446,36.84786700006805],[-76.25108200021425,36.84813700031383],[-76.25116900025291,36.84818699966895],[-76.25124299987274,36.848249000290366],[-76.25129399992636,36.848303999929975],[-76.25135300037593,36.84838900021006],[-76.25142899964558,36.84847700017215],[-76.25153900014875,36.84856999965441],[-76.25164700010379,36.84863599965893],[-76.25168800011167,36.84865800012697],[-76.2517940004169,36.848696000071016],[-76.25190499984664,36.84872100028877],[-76.25199699990816,36.84873100022978],[-76.25211300025911,36.84873100022978],[-76.25222700006192,36.84871799980299],[-76.25233300036714,36.84869300030313],[-76.25243899977403,36.848650999946074],[-76.25246899991126,36.84863599965893],[-76.2525559999499,36.84858100025815],[-76.2533019995894,36.847955999844395],[-76.25344100040488,36.8478389997697],[-76.25361600030705,36.8477309996524],[-76.2538020000799,36.84763500005905],[-76.25402499966266,36.84753699975082],[-76.25420100028806,36.84747300011253],[-76.25434600005302,36.84743199974324],[-76.25453299965078,36.8473910000709],[-76.25475699995675,36.847356999957654],[-76.25493799970673,36.847335999774515],[-76.25507999999697,36.84733100007236],[-76.25512199982974,36.847330000131876],[-76.25534100011286,36.8473420001355],[-76.25557000044172,36.84737299971684],[-76.25573500029815,36.84740300006493],[-76.25593799978944,36.847453999838926],[-76.25609500014826,36.84750399964077],[-76.25628599994398,36.84757700012651],[-76.25646599986904,36.847660999841025],[-76.25663599974835,36.84775700012055],[-76.25681099965053,36.84787800005414],[-76.2568869998185,36.84793699969082],[-76.25699800014658,36.848045000236],[-76.25706099989577,36.84812499971612],[-76.25712600019311,36.84823000020967],[-76.25716499965286,36.848322000064826],[-76.25721800025462,36.848527000023786],[-76.25731899963864,36.8487670002942],[-76.25736700021753,36.8489169999009],[-76.25740099965441,36.84909100011111],[-76.25742300029404,36.8493089997743],[-76.25742999996672,36.84956599967689],[-76.25745000005821,36.849984000246444],[-76.25746500012683,36.85050999990653],[-76.25801999997061,36.850499000299195],[-76.25879599974732,36.850494999984114],[-76.25912399981038,36.85049200028681],[-76.25997400010526,36.85049799968131],[-76.2608849996012,36.85050100009723],[-76.26171999982746,36.85050499969314],[-76.26273199960573,36.850515000119636],[-76.26379399961272,36.850524999826],[-76.26399000032963,36.85052599972467],[-76.26422999963081,36.85052599972467],[-76.26491599989416,36.8505379999455],[-76.26505099961336,36.85054200025832],[-76.26557700004315,36.85054499995367],[-76.26595899963456,36.85055199996114],[-76.26610900032071,36.850557000171506],[-76.26654500033881,36.85057000028558],[-76.26673399958638,36.85058699998905],[-76.26680200025676,36.850592000197125],[-76.26686900020391,36.850598000302575],[-76.26726400021411,36.85064000030884],[-76.26817700025818,36.85074500022359],[-76.26857999976599,36.850789999834824],[-76.2689599997076,36.85084000033028],[-76.26936200028881,36.850888000286275],[-76.26967399956004,36.85092599984075],[-76.26983900031479,36.85093799999879],[-76.26997099966096,36.850937000105496],[-76.27016800020276,36.85091899986747],[-76.27025100004344,36.85090200023787],[-76.27030000044724,36.85088900018021],[-76.27046000028082,36.85083600003305],[-76.2705930003502,36.85078000016315],[-76.27062699978707,36.8508189996661],[-76.27076300022952,36.850997000149405],[-76.27078400014592,36.85101600026133],[-76.27084699989511,36.851057000146234],[-76.27091999969004,36.851084999984856],[-76.2711359996001,36.851117999986904],[-76.27210899991861,36.85122499974301],[-76.2721420004289,36.851229000019885],[-76.27217500004087,36.85124600029565],[-76.27318400034441,36.85135199998473],[-76.27349399996581,36.85065299969],[-76.27378500021892,36.8496490001713],[-76.27410900008404,36.84885800030155],[-76.27414699971888,36.84876499973195],[-76.2741829997039,36.84867800002421],[-76.27451400013999,36.84787199973517],[-76.27464700020937,36.84754499997138],[-76.27516600006815,36.846041999815114],[-76.27539799987174,36.845510999786725],[-76.27558700001762,36.8448669999595],[-76.27562999967535,36.84468499968166],[-76.27565999981258,36.844591999787205],[-76.2757950004301,36.844168000040895]]]},"properties":{"geoid":"51710004700","tract_name":"Census Tract 47","designation_status":"Planning candidate only; not federally designated","candidate_basis":"Contains a documented shipyard, ship-repair facility, marine terminal, or terminal project matching proposed Maritime Prosperity Zone screening concepts.","facility_count":1,"facilities":[{"name":"Lyon Shipyard","type":"Shipyard"}],"sources":[{"label":"MARAD 2025 Shipbuilding and Repair Facilities Survey","url":"https://www.maritime.dot.gov/US_Shipbuilding_Facilities_2025"}]}},{"type":"Feature","geometry":{"type":"Polygon","coordinates":[[[-76.29586300005963,36.84384700016803],[-76.29426200010238,36.841646999983105],[-76.29441400043835,36.840756000301646],[-76.29496199971113,36.837546999804154],[-76.29501799978762,36.83720600016154],[-76.2950449995518,36.837045999838935],[-76.2952620001851,36.83574700000061],[-76.29496199971113,36.83334799992158],[-76.29471800021197,36.83279500019459],[-76.2945430003098,36.8324000000991],[-76.2944529998981,36.83219799974257],[-76.29433900009529,36.83193800000068],[-76.29313499979808,36.82921899984585],[-76.29293599960644,36.828768999993144],[-76.29022400013673,36.82264099973769],[-76.28996200019593,36.8220480002374],[-76.2894619997054,36.8220480002374],[-76.28806800033571,36.82196600026138],[-76.28702800007004,36.82197300000843],[-76.28674199983978,36.821974999833294],[-76.28635699987531,36.82200999999634],[-76.28616500025468,36.82206199971591],[-76.28595000016952,36.822141999768604],[-76.28561200006072,36.82215100003895],[-76.28529800024137,36.82212800030474],[-76.28504999964593,36.82209899966079],[-76.28486200022328,36.82206199971591],[-76.28432999994571,36.821990999868724],[-76.28200300044047,36.822929000233415],[-76.28149499955403,36.82301099989668],[-76.28126199992555,36.82304800010179],[-76.28095599960378,36.82311600035441],[-76.28061500002025,36.8231910001823],[-76.28043400027028,36.82323199988454],[-76.28035700027739,36.823248999912494],[-76.28010899968196,36.82329899971898],[-76.27990500036577,36.823338999828316],[-76.27986199980975,36.82334799995787],[-76.27972500044072,36.82342900035732],[-76.27955499966309,36.82353199973832],[-76.27936499969229,36.82364399979453],[-76.27876899984064,36.82404600007147],[-76.27814299985174,36.82427799973172],[-76.27795899972872,36.82434699985142],[-76.27696299984397,36.82489199980872],[-76.27703499981399,36.824967000053164],[-76.27635000027388,36.82593200009177],[-76.276161000128,36.82618399981388],[-76.27613000016585,36.82622600028609],[-76.27609500000574,36.82627299965726],[-76.27588800031651,36.82654999996964],[-76.27580399975261,36.826650999761355],[-76.2753669999096,36.827177999772644],[-76.27518500033473,36.827416999971774],[-76.27470999995856,36.828039000131234],[-76.27462600029298,36.82800600023591],[-76.27432199962105,36.82788700016839],[-76.27420799981824,36.82784300021741],[-76.2740499996345,36.82778100030887],[-76.27397799966447,36.82775299984659],[-76.27302100013777,36.827379000239745],[-76.27252700039338,36.82718599996592],[-76.2724160000653,36.82713999992192],[-76.27265100024194,36.82831800018072],[-76.27287100034997,36.82951600015386],[-76.27311800022215,36.83085300029236],[-76.27324399972055,36.83149600006516],[-76.27334699965272,36.83204000001029],[-76.27337000011724,36.83216199978677],[-76.27348300009514,36.83271099996824],[-76.27350200036172,36.832862999693994],[-76.27322299980415,36.832899000038914],[-76.27277699974032,36.832958999857105],[-76.27246299992095,36.832986999852075],[-76.27218900028457,36.83299799982159],[-76.27185500037372,36.83299199977305],[-76.27161500017422,36.83297999967455],[-76.27137699962452,36.832957000319304],[-76.27109100029257,36.83291800033395],[-76.27095099965219,36.83289199985334],[-76.27100699972867,36.83307500028295],[-76.27104799973655,36.833145999911345],[-76.27109100029257,36.83319400018988],[-76.27115200039194,36.83323099978491],[-76.27122199981383,36.8332560000258],[-76.27124299973023,36.83325899968027],[-76.27024299964751,36.83470299970081],[-76.26949299981007,36.83536599997013],[-76.26899300021786,36.83594100033616],[-76.26874299997262,36.83660299985964],[-76.26926199983139,36.840247000243814],[-76.27104899956147,36.840121000282664],[-76.27496199985364,36.839847000335276],[-76.27613600001364,36.84006899989582],[-76.28131299997916,36.841051999648855],[-76.28594000012379,36.841930000052],[-76.28602299996446,36.84194600022788],[-76.28631099984455,36.84200100008787],[-76.29125199980854,36.842956000238964],[-76.29586300005963,36.84384700016803]]]},"properties":{"geoid":"51710005000","tract_name":"Census Tract 50","designation_status":"Planning candidate only; not federally designated","candidate_basis":"Contains a documented shipyard, ship-repair facility, marine terminal, or terminal project matching proposed Maritime Prosperity Zone screening concepts.","facility_count":3,"facilities":[{"name":"BAE Systems Norfolk Ship Repair","type":"Shipyard"},{"name":"Colonna's Shipyard","type":"Shipyard"},{"name":"General Dynamics NASSCO-Norfolk, Ligon Street Yard","type":"Shipyard"}],"sources":[{"label":"MARAD 2025 Shipbuilding and Repair Facilities Survey","url":"https://www.maritime.dot.gov/US_Shipbuilding_Facilities_2025"}]}},{"type":"Feature","geometry":{"type":"Polygon","coordinates":[[[-76.25425599964133,36.8890040002592],[-76.25420499958773,36.88879600004577],[-76.2540620003709,36.8882089998862],[-76.2535479996367,36.8860939998916],[-76.25324800006103,36.884986999885676],[-76.25320500040333,36.884827999867376],[-76.25290599975428,36.88334299982825],[-76.25271300030873,36.88258599976474],[-76.25263600031583,36.882283999811264],[-76.2522470001534,36.88076200030751],[-76.25183399970155,36.879143999674376],[-76.25130599962193,36.87705499992594],[-76.25125799994136,36.87685500024271],[-76.25119299964403,36.87665300020356],[-76.2508520000605,36.87501800017034],[-76.25076199964882,36.8746200002767],[-76.25052599964725,36.87361200030721],[-76.25007399973563,36.87182000001481],[-76.2499649999557,36.87150499974279],[-76.24958099981613,36.869870000185664],[-76.24913999977518,36.86832300024253],[-76.24880800041248,36.86718899991762],[-76.24875200033598,36.86699699989617],[-76.24822000005841,36.86475500026535],[-76.24789299982027,36.863289000119124],[-76.24779499991098,36.86278899966224],[-76.24770700004743,36.86240899971427],[-76.24747699989365,36.86155800002557],[-76.24739999990076,36.86159900000572],[-76.24726600000646,36.861663000036],[-76.24677499973679,36.86187400009304],[-76.24597499967061,36.862213999943584],[-76.24521399996252,36.86258500031853],[-76.24516499955871,36.862647000042806],[-76.2451019998095,36.86269999990628],[-76.24502800018969,36.86274300018895],[-76.24455299981352,36.86299400035306],[-76.24420999968184,36.86314300033831],[-76.24408099981042,36.863195999857815],[-76.24392799964954,36.86325700007289],[-76.24301399978056,36.86357999983477],[-76.24239199998962,36.86379799986139],[-76.24218199992735,36.86388999966622],[-76.24192599983431,36.86402300019597],[-76.24142399969396,36.86430699980656],[-76.24093800034548,36.86458400035846],[-76.24066399981079,36.86472899982923],[-76.24023700001352,36.86493099977826],[-76.2398760003385,36.865093000098646],[-76.23914099967133,36.865425000214415],[-76.23839300038203,36.865760999841214],[-76.23765799971487,36.866090000125304],[-76.23742000006351,36.86619199985799],[-76.23732800000201,36.86623199981459],[-76.23707399955879,36.866327999768856],[-76.23690000037983,36.86638500015622],[-76.23653999963139,36.86649499988837],[-76.2360469997119,36.86662899988388],[-76.23561900008973,36.86673600020498],[-76.23526799956213,36.86681400015656],[-76.23496499961344,36.8668660003196],[-76.23476100029724,36.86689200002847],[-76.23453699999126,36.86691900013141],[-76.23439800007408,36.86693200033733],[-76.23396899972869,36.86696200019588],[-76.23384400005521,36.866969999820796],[-76.23292699981319,36.86700199974936],[-76.23257500035899,36.86701499994117],[-76.2321810001737,36.867044999767074],[-76.23176799972182,36.86709600009098],[-76.23163100035279,36.8671169998763],[-76.23135299962013,36.86718400007667],[-76.23089599968563,36.86731899998009],[-76.23068099960048,36.86740199988219],[-76.23010800021335,36.86765200015938],[-76.22982100015818,36.86778099976115],[-76.229570000088,36.867900999947196],[-76.22968100041608,36.868060999662546],[-76.23057799966831,36.869259999769795],[-76.23099000029526,36.86981100023099],[-76.23114299955783,36.869999999998115],[-76.23135199979521,36.87022799967666],[-76.23150400013117,36.870382999917496],[-76.2316120000862,36.87048800001784],[-76.23173599993477,36.870608000263815],[-76.2318589999584,36.87072899995567],[-76.23204100043162,36.870909000045415],[-76.23207499986847,36.87095599998305],[-76.23209999998284,36.87101400014144],[-76.23215100003647,36.871105000251646],[-76.23218500037166,36.871200999831835],[-76.2322949999765,36.871897999806244],[-76.2324139998022,36.87262700033564],[-76.23253400035112,36.873347999982016],[-76.2326540000017,36.87407700032695],[-76.23277200000248,36.874799000239925],[-76.23289000000327,36.87552599980948],[-76.23300899982895,36.87625200008313],[-76.23312799965464,36.87697199973296],[-76.23324900002847,36.877702000242955],[-76.23332500019644,36.87813800028063],[-76.23343200032657,36.87874899974968],[-76.23353699990855,36.879358999838935],[-76.23355000032734,36.879445000310085],[-76.23484699961266,36.87931999981056],[-76.23524099979795,36.87935700007747],[-76.23547199977664,36.879363000080225],[-76.23564099983103,36.879406999846495],[-76.23591600019066,36.8794950000215],[-76.2361599996898,36.87957599987251],[-76.23646600001155,36.87965700035618],[-76.23670299983802,36.87966300033532],[-76.2368219996637,36.87966999983141],[-76.23726600007771,36.87976300015851],[-76.23744400035295,36.87980600017873],[-76.23762799957765,36.87985099992328],[-76.23782199974642,36.87987000004703],[-76.23801000006739,36.87992600015722],[-76.23823500019829,36.879963000130516],[-76.23856599973607,36.88000100031749],[-76.23878500001919,36.88000100031749],[-76.23902199984566,36.87997600027227],[-76.23930399987796,36.87988900016599],[-76.23943500029753,36.879901000087436],[-76.23953499985666,36.879856999887224],[-76.2396660002762,36.87980699969431],[-76.23981000021627,36.87973200006207],[-76.24004700004274,36.87960700003227],[-76.24029700028797,36.879520000224176],[-76.2405230002438,36.8794759998045],[-76.24062899965068,36.87950100001341],[-76.24066600035891,36.879538999711706],[-76.24075400022247,36.87960100004868],[-76.24082299981944,36.879683000023036],[-76.24085999962935,36.879769999645426],[-76.24085999962935,36.879920000198695],[-76.24081000029896,36.88000799978259],[-76.24092300027687,36.88013899981634],[-76.241066000392,36.88019499972928],[-76.24119100006546,36.8802829997148],[-76.24137900038644,36.88025799976189],[-76.24144799998342,36.880175999686436],[-76.24150400005992,36.880163999808204],[-76.24159100009855,36.8802199997028],[-76.24168499980989,36.88033300031468],[-76.2418349995977,36.880432999979035],[-76.24210999995732,36.88051700022823],[-76.242200000369,36.88043499971227],[-76.24228300020968,36.88043499971227],[-76.24243800002039,36.88049200035187],[-76.24262700016628,36.880632000128706],[-76.24268400006768,36.88073800001476],[-76.24265999977823,36.88084499997428],[-76.24261100027275,36.88100099972717],[-76.24257000026486,36.88122200026866],[-76.24255099999829,36.88141900009184],[-76.24263300001405,36.881623000161035],[-76.2426930002885,36.881771999740295],[-76.24276600008345,36.88192799975509],[-76.24287099966544,36.882032999792855],[-76.24303700024511,36.88209999984416],[-76.24317699998718,36.88213300010517],[-76.24340600031604,36.88225599990737],[-76.24348800033181,36.88237100006312],[-76.24357899967008,36.882559000169636],[-76.24361999967797,36.8826989997496],[-76.24369300037122,36.88301900008375],[-76.24367699957936,36.883068000137776],[-76.24364399996742,36.88319899995187],[-76.24361100035546,36.883273000301486],[-76.24361999967797,36.88337200023954],[-76.24372599998317,36.88346999986309],[-76.2438330001133,36.88354399995007],[-76.24391500012906,36.883592999667194],[-76.24406300026708,36.88369999993732],[-76.24419399978832,36.883839000118],[-76.24442399994209,36.8839790002252],[-76.24462899998151,36.884043999648775],[-76.24490799964077,36.884027999663175],[-76.24510400035766,36.883864000335606],[-76.24516200008398,36.88380599987574],[-76.24524400009975,36.8837240000176],[-76.24539100041284,36.88361799996534],[-76.24550600004056,36.883585000346045],[-76.24574399969194,36.8836420000714],[-76.24592000031734,36.88376000012386],[-76.24605800040962,36.88379399984945],[-76.24617700023529,36.883852000318434],[-76.24647000013825,36.88399800004033],[-76.24656700022263,36.88404700018464],[-76.24678800015558,36.8841350000422],[-76.24691899967682,36.88416299997566],[-76.24719499986136,36.88423700010949],[-76.24765799964362,36.88444200000876],[-76.2478099999796,36.884510999728384],[-76.24793700020119,36.884519999843405],[-76.24802099986678,36.884501000158174],[-76.2481149995781,36.88448299992253],[-76.24824599999768,36.88443100025596],[-76.24838699956469,36.88436100028961],[-76.24849500041802,36.88430899982141],[-76.24864900040382,36.884262000196784],[-76.2487759997271,36.884214999824756],[-76.24887399963639,36.88419200007551],[-76.24905199991164,36.88421399964835],[-76.24914200032332,36.88422600032721],[-76.24941900033275,36.88424600025682],[-76.2495909998619,36.884280999941495],[-76.24974599967258,36.884290000083624],[-76.24987700009214,36.884290000083624],[-76.25003699992571,36.884271999798294],[-76.25019099991151,36.88422500015095],[-76.25046200007316,36.88419600006363],[-76.2507900001362,36.88409399994155],[-76.25092499985543,36.88413100005088],[-76.25124299987274,36.88458400007192],[-76.25153599977571,36.884986999885676],[-76.25181799980801,36.88524399979363],[-76.2519440002047,36.88541100023188],[-76.25201299980168,36.88550100027356],[-76.2521409998482,36.88603500025469],[-76.25222600023702,36.886478999873745],[-76.25220699997044,36.886572999957046],[-76.25211300025911,36.88675099978252],[-76.25192599976305,36.88699499983767],[-76.25174800038614,36.887295000285405],[-76.25170999985299,36.88764200000116],[-76.25186999968653,36.88806399972076],[-76.25199100006037,36.88842900028016],[-76.25234800043576,36.88881399998302],[-76.25270099971485,36.88896400001346],[-76.25316299967221,36.88897499983168],[-76.2536399996982,36.88897499983168],[-76.25425599964133,36.8890040002592]]]},"properties":{"geoid":"51710006100","tract_name":"Census Tract 61","designation_status":"Planning candidate only; not federally designated","candidate_basis":"Contains a documented shipyard, ship-repair facility, marine terminal, or terminal project matching proposed Maritime Prosperity Zone screening concepts.","facility_count":1,"facilities":[{"name":"MHI Ship Repair and Services","type":"Ship repair facility"}],"sources":[{"label":"MARAD 2025 Shipbuilding and Repair Facilities Survey","url":"https://www.maritime.dot.gov/US_Shipbuilding_Facilities_2025"}]}},{"type":"Feature","geometry":{"type":"Polygon","coordinates":[[[-76.34560099976251,36.856120000256794],[-76.34575999977116,36.85607000033988],[-76.34547199989106,36.85587100017377],[-76.34509500032252,36.855630000091594],[-76.34465699975631,36.8553639997749],[-76.34454899980126,36.8553029997285],[-76.34428600003554,36.85515599994696],[-76.34390400044413,36.85495999979848],[-76.34351399955845,36.85477500029739],[-76.34313299979195,36.854625999810345],[-76.34306400019499,36.85460299977682],[-76.34253399956724,36.85443499969708],[-76.3423970001982,36.85439800029736],[-76.34238700015247,36.85430400014884],[-76.34236700006097,36.854125000326285],[-76.3421999996564,36.852024999912004],[-76.34216399967138,36.851148000303084],[-76.34214399957992,36.85057599967394],[-76.34211900036387,36.84985699988861],[-76.34122600041127,36.849561000120566],[-76.34049199956904,36.84931799972392],[-76.34039200000993,36.84805999992024],[-76.33976199982307,36.848092999790374],[-76.33914599987993,36.84812499971612],[-76.33901700000848,36.84639900027922],[-76.33900000029006,36.8463749999741],[-76.33898400039654,36.84636199986554],[-76.33896299958182,36.84591300017983],[-76.3389330003429,36.84552999982428],[-76.33892099974904,36.84524300026755],[-76.33890499985549,36.8451050002775],[-76.33886499967254,36.84455399996014],[-76.33873099977822,36.842772999726],[-76.33866300000618,36.84188600027012],[-76.33859299968596,36.840989000357354],[-76.33796300039742,36.84102399973049],[-76.33734099970818,36.841058999806535],[-76.33739199976182,36.84154099977914],[-76.3373349998604,36.841604000053714],[-76.33730300007335,36.84163299977472],[-76.3367640001231,36.84206199996477],[-76.33620199970831,36.84243599967845],[-76.33620799955608,36.8425109999775],[-76.33624000024146,36.84289900035008],[-76.33560699968154,36.84293300028887],[-76.3355049995743,36.84295300024587],[-76.33537900007592,36.842995000138416],[-76.33529100021238,36.84301400008223],[-76.33526199990006,36.84301600007605],[-76.3350040001572,36.84304199999091],[-76.33501400020293,36.84319000005644],[-76.33414899983944,36.84374000015059],[-76.33382999999722,36.843935000325466],[-76.33277899986088,36.844769999671826],[-76.33262599970001,36.84486999987751],[-76.33156500041625,36.845532999716276],[-76.33143099962365,36.845617000238626],[-76.33094699992495,36.84592099985147],[-76.33083099957402,36.845384999872266],[-76.33067599976332,36.845811999940096],[-76.33049699966317,36.84609399973476],[-76.33031699973812,36.84626000026446],[-76.33007300023895,36.84645699966767],[-76.32977299976498,36.84663400029315],[-76.32952099986991,36.84674900015917],[-76.32942600033365,36.8468150002979],[-76.32922700014204,36.84695300007718],[-76.32922600031714,36.84677900003323],[-76.32917600008841,36.84681199973732],[-76.329119000187,36.84684799998646],[-76.329083000202,36.84687100019668],[-76.32893900026197,36.84694699968561],[-76.32878600010108,36.84700999981955],[-76.3286260002675,36.847060999855685],[-76.32827999976278,36.846834999958375],[-76.32814599986847,36.84673899995887],[-76.3277040000026,36.84650800007268],[-76.3275690002834,36.84634599989484],[-76.32684500038522,36.846200000097255],[-76.32457300023323,36.8467659999934],[-76.32414899991072,36.84686900030369],[-76.32292200004727,36.846519000254226],[-76.32219999979891,36.846639000040895],[-76.31972599998059,36.847262999777485],[-76.31906099963363,36.847423000290476],[-76.31838600013924,36.84743199974324],[-76.31771099974655,36.847347999777185],[-76.31671700040995,36.8470570000796],[-76.31638900034689,36.846963000249424],[-76.3161080001395,36.84694499979461],[-76.31594800030592,36.84702900020348],[-76.31549800004413,36.84749800001132],[-76.31525500036989,36.847947999666836],[-76.31457599977922,36.8489040002246],[-76.31415800020281,36.84927000021984],[-76.31392300002616,36.8494479999967],[-76.31268500029208,36.85076199988815],[-76.30666300005454,36.85404699964205],[-76.31353300003882,36.8585329996903],[-76.31386299975169,36.85874699985665],[-76.31721100015436,36.86065699969362],[-76.33078399971835,36.868403000059544],[-76.33295999961085,36.86605500000953],[-76.33920199995642,36.859317999933886],[-76.34056400043738,36.857847999770854],[-76.34286400017845,36.85704800016723],[-76.34535600043844,36.85619599989544],[-76.34548600013478,36.85615599971673],[-76.34560099976251,36.856120000256794]]]},"properties":{"geoid":"51740210200","tract_name":"Census Tract 2102","designation_status":"Planning candidate only; not federally designated","candidate_basis":"Contains a documented shipyard, ship-repair facility, marine terminal, or terminal project matching proposed Maritime Prosperity Zone screening concepts.","facility_count":2,"facilities":[{"name":"General Dynamics NASSCO-Norfolk, Harper Avenue Yard","type":"Shipyard"},{"name":"Portsmouth Marine Terminal","type":"Marine terminal"}],"sources":[{"label":"MARAD 2025 Shipbuilding and Repair Facilities Survey","url":"https://www.maritime.dot.gov/US_Shipbuilding_Facilities_2025"},{"label":"Port of Virginia terminal information","url":"https://operations.portofvirginia.com/terminal-directions/"}]}},{"type":"Feature","geometry":{"type":"Polygon","coordinates":[[[-76.3084770004471,36.837220999815145],[-76.30848099974675,36.83684899991661],[-76.30846700040136,36.8367150001941],[-76.30843700026414,36.83597100013659],[-76.30842200019552,36.835625000189864],[-76.30840499957877,36.835205000013374],[-76.30840200010404,36.835143999700065],[-76.30836500029412,36.83435199993846],[-76.308330000134,36.8336050002634],[-76.30688099961444,36.83363799990062],[-76.30677100000958,36.83364000013963],[-76.3067529995679,36.83324299984404],[-76.30672900017676,36.83286899975267],[-76.30668499979583,36.83213699990737],[-76.30666399987945,36.83169999968901],[-76.30664200013814,36.83125699966579],[-76.30662399969647,36.83090700006518],[-76.306611000176,36.83064200017548],[-76.30660199995518,36.83045400031034],[-76.30658799971148,36.83017199964636],[-76.3065619997722,36.8301830000207],[-76.30634599986213,36.83028500021317],[-76.3062520001508,36.83032599970944],[-76.30600899957822,36.83042200018016],[-76.3058429998969,36.83050300028147],[-76.30510599957991,36.83074899982355],[-76.30471800014071,36.830859999945474],[-76.30295399997686,36.83108199970613],[-76.30110000029961,36.83113099999406],[-76.3007329998785,36.83114200023046],[-76.30059599961115,36.831147000272026],[-76.30035100028708,36.83115399989825],[-76.29999100043698,36.831199999685936],[-76.29966000000087,36.831275000218255],[-76.29943900006793,36.831329999842914],[-76.29934199998354,36.831353999836665],[-76.29927800040944,36.83137000006805],[-76.29922300015787,36.831382999849076],[-76.29912199987552,36.83140199980162],[-76.29747800026058,36.83175599987126],[-76.297234999688,36.83180900030126],[-76.29715400039548,36.83182700000488],[-76.29712599990806,36.8318330001448],[-76.29576500015034,36.83213199993051],[-76.2955290001488,36.832181999684416],[-76.2945430003098,36.8324000000991],[-76.29471800021197,36.83279500019459],[-76.29496199971113,36.83334799992158],[-76.2952620001851,36.83574700000061],[-76.2950449995518,36.837045999838935],[-76.29501799978762,36.83720600016154],[-76.29496199971113,36.837546999804154],[-76.29441400043835,36.840756000301646],[-76.29426200010238,36.841646999983105],[-76.29586300005963,36.84384700016803],[-76.29736299973453,36.845646999837996],[-76.29796000030943,36.846411999662614],[-76.30299800035779,36.844596999668475],[-76.30276300018114,36.84424700000231],[-76.3028309999532,36.84410699968728],[-76.30270999957938,36.84392699972717],[-76.30263799960936,36.84381799984887],[-76.30253200020248,36.84357799985943],[-76.30282400028052,36.84352099971527],[-76.3031260004043,36.84344799967042],[-76.30305199988614,36.8430300000313],[-76.30329700010853,36.84302000006353],[-76.30366000033169,36.843005000109464],[-76.30458900026927,36.84296200022476],[-76.30571400002546,36.84231399975372],[-76.30569700030702,36.841396000171045],[-76.30584999956959,36.84102899984504],[-76.30600399955537,36.8410999999985],[-76.30671599975798,36.84125599966875],[-76.3072310003171,36.84135700017498],[-76.30756299967982,36.8413859999896],[-76.30803899988088,36.841376999825165],[-76.30841999964737,36.841393000116746],[-76.3083929998832,36.84058499990159],[-76.30838200001254,36.8402799998912],[-76.30838399966237,36.83985399988437],[-76.3083850003856,36.839774999698214],[-76.30836899959377,36.83946699992228],[-76.30835699989818,36.838961000062504],[-76.30834500020264,36.83846999985837],[-76.30832699976098,36.83771999993967],[-76.3084770004471,36.837220999815145]]]},"properties":{"geoid":"51740210900","tract_name":"Census Tract 2109","designation_status":"Planning candidate only; not federally designated","candidate_basis":"Contains a documented shipyard, ship-repair facility, marine terminal, or terminal project matching proposed Maritime Prosperity Zone screening concepts.","facility_count":1,"facilities":[{"name":"East Coast Repair & Fabrication","type":"Ship repair facility"}],"sources":[{"label":"MARAD 2025 Shipbuilding and Repair Facilities Survey","url":"https://www.maritime.dot.gov/US_Shipbuilding_Facilities_2025"}]}},{"type":"Feature","geometry":{"type":"Polygon","coordinates":[[[-76.40776799990493,36.89664799986834],[-76.40764300023145,36.89663899974627],[-76.4073579998261,36.89674999974067],[-76.40714100009114,36.896777000064326],[-76.40663499975284,36.896777000064326],[-76.4062370002679,36.89678600017013],[-76.40552300041546,36.89682199986425],[-76.40533300044466,36.89686799964823],[-76.40516199984211,36.89693100029132],[-76.4050349996205,36.89702999975994],[-76.40490900012212,36.897116999731196],[-76.40465499967891,36.89726499995822],[-76.40460100015055,36.89730100014475],[-76.40448399997469,36.89739199982226],[-76.4042670002397,36.89741899991884],[-76.40417600000312,36.89741899991884],[-76.40380500028236,36.89731000018876],[-76.40244199997647,36.89704099985261],[-76.40238000005222,36.89706600005737],[-76.40223600011215,36.897079000160566],[-76.40152399990954,36.89695399979471],[-76.40150499964298,36.89691000008271],[-76.40121699976288,36.89687299970118],[-76.40113599957203,36.896904000022076],[-76.40064900039863,36.89687899976425],[-76.39983000006588,36.89677900008796],[-76.39946699984273,36.89674100034904],[-76.39917999978755,36.89677900008796],[-76.39879900002104,36.89687299970118],[-76.39853600025532,36.89692900027166],[-76.39816700018437,36.89684100007512],[-76.39788599997698,36.896697999808694],[-76.39768000011264,36.89659799989524],[-76.39544200029586,36.896385000174426],[-76.39499899970677,36.89627300034916],[-76.39456100003883,36.89617299987886],[-76.39434199975574,36.89612899971659],[-76.39406100044664,36.89612300031298],[-76.39367999978181,36.896185000114635],[-76.39347999976529,36.89616599974045],[-76.39331099971088,36.896090999654035],[-76.39319400043333,36.89602299964607],[-76.39294199963993,36.89592899970437],[-76.39272400008005,36.89586599967105],[-76.39244899972044,36.895829000220175],[-76.39211700035773,36.8958230000745],[-76.39175499995949,36.89580999975737],[-76.39147999959988,36.8958230000745],[-76.39091700025848,36.895829000220175],[-76.39061099993674,36.89586599967105],[-76.39031700020885,36.895815999904],[-76.39017400009372,36.89583499964689],[-76.38992999969626,36.89586599967105],[-76.3896860001971,36.8959160001237],[-76.3894109998375,36.89604100003444],[-76.38919900012539,36.896079000121894],[-76.38906100003312,36.896079000121894],[-76.38893600035965,36.89604100003444],[-76.38882400020665,36.89604100003444],[-76.38877999982572,36.896090999654035],[-76.3887990000923,36.896185000114635],[-76.3887990000923,36.89622900024461],[-76.38873600034312,36.89626000010868],[-76.38866100000004,36.89625299997821],[-76.38861699961909,36.896284999850806],[-76.38859200040305,36.896341000134385],[-76.38853600032655,36.89643500028707],[-76.38851700005999,36.896478000257176],[-76.38851700005999,36.89654099978532],[-76.38852299990776,36.89657200024107],[-76.38852899975555,36.89664099977352],[-76.3885039996412,36.89669699979582],[-76.38846699983128,36.896735000275065],[-76.38796999971382,36.89517999969328],[-76.38785799956082,36.89489799999821],[-76.38775899982662,36.89483199972041],[-76.38764699967362,36.89475699975997],[-76.3874969998858,36.89467300009035],[-76.38500899982377,36.89426700026422],[-76.38399899969532,36.89403300022213],[-76.38145299990695,36.89359000004756],[-76.38073800022961,36.89350499975737],[-76.38044000030376,36.893463999659616],[-76.38059299956633,36.8933170000218],[-76.38070499971933,36.893150999694534],[-76.38081199984946,36.893080999820526],[-76.38093099967513,36.8930030001111],[-76.380907000284,36.891810999682846],[-76.38088600036761,36.89077900030099],[-76.38087700014678,36.89010900001806],[-76.3807020002446,36.89021599977794],[-76.38062899955135,36.89003200024579],[-76.38043600010582,36.889875000161524],[-76.3802169998227,36.88979000004527],[-76.37997199960031,36.88926199968809],[-76.37983500023127,36.88893900002887],[-76.3796600003291,36.8886510002768],[-76.37948799990164,36.888443999941046],[-76.37896599966982,36.88809399990144],[-76.3787809997219,36.88791799987053],[-76.3786190002385,36.88736999967429],[-76.37845400038206,36.88715300023476],[-76.37822800042625,36.88694000002288],[-76.37775499969993,36.88672300007967],[-76.37559300005111,36.88576000020072],[-76.37516100023099,36.88556000032312],[-76.37475600017503,36.88536600017123],[-76.37459700016637,36.8851599997148],[-76.37450699975469,36.88494900002438],[-76.37445499987615,36.88437099987816],[-76.37443300013484,36.88408599995441],[-76.37442200026419,36.883942000042175],[-76.37441499969319,36.883843000124614],[-76.37442700028707,36.88342600028229],[-76.37457500042507,36.88289499987988],[-76.37490500013794,36.88145700027285],[-76.3749789997578,36.88107300033473],[-76.37506999999438,36.880902999809074],[-76.3754640001797,36.88046900019979],[-76.37579399989257,36.880234000029354],[-76.37596899979476,36.88014899995778],[-76.37632100014726,36.879979000249364],[-76.37672700002813,36.87984099974282],[-76.37718099958956,36.87956299966265],[-76.37739499984981,36.87926999998459],[-76.37764199972202,36.87898599994965],[-76.37784599993651,36.87862799982784],[-76.3779430000209,36.87815899990481],[-76.37792200010449,36.87631900017625],[-76.37791999955637,36.87618600021274],[-76.37794100037108,36.87494600032155],[-76.37794899986868,36.874850999998046],[-76.37799499989943,36.87429699975935],[-76.37800400012027,36.874146000070155],[-76.3780059997701,36.873972999721396],[-76.37800900014315,36.87372400032197],[-76.37800199957213,36.872920000347015],[-76.37799999992231,36.87274300022683],[-76.37799700044756,36.87255299973071],[-76.37797800018099,36.871331000253846],[-76.37797499980796,36.87118599965839],[-76.37796899996017,36.87089700014846],[-76.37795200024173,36.87056700008718],[-76.37793799999803,36.87046099973888],[-76.37789799981505,36.87014899997541],[-76.377866000028,36.869949999819994],[-76.37785000013447,36.86984800007389],[-76.37784299956347,36.869803000184895],[-76.37774899985213,36.86912699973216],[-76.37770700001934,36.86883800033821],[-76.37770799984426,36.86874899972277],[-76.37772899976065,36.86863500027684],[-76.37774300000434,36.86858999967329],[-76.37766299963842,36.86802700011936],[-76.37758999984347,36.867557000107276],[-76.37735800003989,36.86599500028702],[-76.37734700016922,36.86592000002869],[-76.37733600029857,36.865846000113685],[-76.37721800029782,36.8650060002887],[-76.37713999958169,36.86446600014493],[-76.37702499995397,36.86368299976992],[-76.3770140000833,36.863603999769246],[-76.37670500028682,36.86150400033364],[-76.3766890003933,36.86137800018537],[-76.37667400032468,36.861188999932786],[-76.37667099995163,36.860951999856795],[-76.37668699984515,36.86071499976448],[-76.37672100018034,36.86048599995967],[-76.37677899990666,36.86024800008813],[-76.37681300024187,36.86014000025228],[-76.37689400043271,36.85992799994422],[-76.37750799982771,36.85863299986275],[-76.37792600030245,36.85775900001062],[-76.37831100026693,36.85695100023996],[-76.37855200029135,36.85641899996881],[-76.37864799965251,36.85615599971673],[-76.37869000038361,36.856004000284415],[-76.37873600041436,36.855783000097645],[-76.37875700033076,36.85565199998447],[-76.37878400009494,36.85539300002732],[-76.3788019996383,36.85518200004623],[-76.37882199972978,36.85496499972045],[-76.37884799966905,36.85468900008547],[-76.37889500042303,36.85418300032275],[-76.37899699963197,36.85309700005194],[-76.37910499958699,36.852029000146956],[-76.3791249996785,36.85194299972088],[-76.37913999974708,36.8518329998874],[-76.37758200034588,36.850714999749194],[-76.37750899965263,36.850661000303354],[-76.3771620002213,36.85043600016491],[-76.3770700001598,36.850374999780044],[-76.3763389996906,36.849855000073724],[-76.37590799969539,36.849541999647016],[-76.37536299989736,36.849151000166174],[-76.37448400018847,36.84851300035617],[-76.37412000014041,36.84826399993464],[-76.37405300019326,36.84822000020308],[-76.37387599974292,36.84810800018406],[-76.37355900044885,36.8479239998479],[-76.3734869995805,36.84788299972047],[-76.37272099984952,36.84740799976238],[-76.37216099998288,36.847066000294376],[-76.3717409998583,36.84681800013947],[-76.37065200008713,36.84618000027069],[-76.37014099972598,36.84589999999276],[-76.36922799968191,36.84546100011942],[-76.36893099958098,36.84532800035626],[-76.36867500038626,36.84521699966334],[-76.36819599981216,36.845020999911576],[-76.36646199978551,36.84437400033336],[-76.36539599958057,36.843988000224385],[-76.36528900034875,36.84394900011246],[-76.36450900037408,36.84364899980295],[-76.36358299991123,36.84331100002838],[-76.36231699968975,36.842839999701425],[-76.36226599963612,36.84290800033533],[-76.36138899957706,36.84407800018563],[-76.35702799957122,36.84839199998989],[-76.35626500021328,36.84914799969726],[-76.35213000016324,36.85311499977706],[-76.35136500025719,36.85384799995942],[-76.35112400023276,36.85394899964637],[-76.35009599966266,36.854381999851995],[-76.34723299968189,36.85554800017372],[-76.34689000044854,36.85568799966483],[-76.3458689995511,36.856033000294005],[-76.34575999977116,36.85607000033988],[-76.34560099976251,36.856120000256794],[-76.34548600013478,36.85615599971673],[-76.34535600043844,36.85619599989544],[-76.34286400017845,36.85704800016723],[-76.34056400043738,36.857847999770854],[-76.33920199995642,36.859317999933886],[-76.33295999961085,36.86605500000953],[-76.33078399971835,36.868403000059544],[-76.33678400021458,36.87502699996704],[-76.33673099961283,36.875147000268605],[-76.33514800009723,36.87871900020855],[-76.33359800019363,36.88221599971888],[-76.3322240000171,36.88531499983097],[-76.33160600042413,36.886729999647066],[-76.33100800002433,36.88809899981067],[-76.3286739999481,36.892825999839275],[-76.3284799997793,36.89321900010598],[-76.33308799965737,36.89636299979834],[-76.34076899957847,36.901603000022256],[-76.34227300034965,36.90555499974141],[-76.34466299960408,36.91931300030766],[-76.34556899997546,36.92453099976743],[-76.34244900007674,36.92470700009671],[-76.34182499973768,36.92477200002177],[-76.33851900006611,36.94078699977545],[-76.34182499973768,36.94078699977545],[-76.34402900011757,36.94267100022071],[-76.34843899962891,36.94267100022071],[-76.36056500011976,36.94267100022071],[-76.3704870002307,36.944553999927145],[-76.37466599976335,36.9464810003386],[-76.37954099960508,36.94872799982124],[-76.38441600034515,36.95097499978851],[-76.38441899981987,36.951058999910934],[-76.38477500037035,36.950712000053834],[-76.38586699961624,36.949647000175226],[-76.39956700030017,36.93094700014482],[-76.40356699973266,36.90084799991439],[-76.40366299999212,36.900753000208994],[-76.40761599956896,36.89679900032107],[-76.40776799990493,36.89664799986834]]]},"properties":{"geoid":"51740213001","tract_name":"Census Tract 2130.01","designation_status":"Planning candidate only; not federally designated","candidate_basis":"Contains a documented shipyard, ship-repair facility, marine terminal, or terminal project matching proposed Maritime Prosperity Zone screening concepts.","facility_count":2,"facilities":[{"name":"Craney Island Marine Terminal Project","type":"Marine terminal project"},{"name":"Virginia International Gateway","type":"Marine terminal"}],"sources":[{"label":"Port of Virginia terminal information","url":"https://operations.portofvirginia.com/terminal-directions/"}]}},{"type":"Feature","geometry":{"type":"Polygon","coordinates":[[[-76.30898399971201,36.81584000030759],[-76.30909400021515,36.815785999969805],[-76.30896299979561,36.815624999802026],[-76.30871199972543,36.81553300017054],[-76.30845300015767,36.815483999962076],[-76.30865999984691,36.814839999752415],[-76.30879899976408,36.81440599966636],[-76.30883099955112,36.8143420003536],[-76.30897000036661,36.81377300031258],[-76.3079130003825,36.81379399964227],[-76.30766300013724,36.81380300017518],[-76.30788700044322,36.81305300008372],[-76.30834100000467,36.81153599968395],[-76.30839000040848,36.811360000240654],[-76.3082360004227,36.811332000242864],[-76.30806800019319,36.811314999725525],[-76.30703899979818,36.811138999774165],[-76.30666200022962,36.811024000310695],[-76.3060610003551,36.810768999758494],[-76.30532800023607,36.810554000113655],[-76.3048019998063,36.810419999648246],[-76.30470899991988,36.81034599995621],[-76.3046670000871,36.81030400011865],[-76.30445399965176,36.81008800017904],[-76.30435599974246,36.809768999846334],[-76.30428600032059,36.80847899980583],[-76.30426899970384,36.80808900016471],[-76.30422000019833,36.80795499970036],[-76.3041680003198,36.80791200025315],[-76.30410499967229,36.80785800007674],[-76.30398900021966,36.807798999733905],[-76.30404799977089,36.807587000321256],[-76.30407000041052,36.807263000193366],[-76.30422600004613,36.806723000050255],[-76.30436900016124,36.806478999743405],[-76.30443000026062,36.80638699990926],[-76.30459699976687,36.80616799971083],[-76.3048150002251,36.80596999964255],[-76.30581899960744,36.80479100014322],[-76.30674900026827,36.8037070001384],[-76.30692400017044,36.80350200018313],[-76.30694799956159,36.803474000188714],[-76.30706399991254,36.80333899976386],[-76.30696000015546,36.80331200022579],[-76.30665800003166,36.80305099964449],[-76.3065829996886,36.80292900021139],[-76.30647999975643,36.80270399992766],[-76.30640500031167,36.80249800035733],[-76.30631099970203,36.80220699980006],[-76.30625399980063,36.8017490001092],[-76.30618000018077,36.80145699976226],[-76.30614199964764,36.80127899980264],[-76.30606700020287,36.801026000255476],[-76.30592699956249,36.80078199977817],[-76.30575300038352,36.800640000103634],[-76.3056549995759,36.800546999895474],[-76.30551400000891,36.80051000032263],[-76.30524200002235,36.800481999953654],[-76.30480099998138,36.80052400014366],[-76.30424799978744,36.800614000165076],[-76.30384500027962,36.800660000326964],[-76.30336700042874,36.80064199976653],[-76.30310499958959,36.8006039996884],[-76.30278599974737,36.800491999726944],[-76.30249500039254,36.80032299964207],[-76.30220499996432,36.80009800033369],[-76.30187600007633,36.79971400022701],[-76.30154800001328,36.79932899978513],[-76.3014519997538,36.7991060001369],[-76.30072100018295,36.79844899993427],[-76.2998020002911,36.7983740003213],[-76.29603799996181,36.79891100007361],[-76.29533099978208,36.79901199965193],[-76.29433700044547,36.79891900034424],[-76.2936999996876,36.79884399975288],[-76.29284899956782,36.798766000239645],[-76.29247799984705,36.79871200008744],[-76.29214399993621,36.79866299990308],[-76.29156200032824,36.79994799994798],[-76.29066199980464,36.80454799993376],[-76.29016200021246,36.80804699980821],[-76.29013799992302,36.80822299967525],[-76.29012799987727,36.80829699998075],[-76.29011899965643,36.80836499967361],[-76.29006099993013,36.808742000037455],[-76.29039400001605,36.81164100006222],[-76.29067600004835,36.813858999791314],[-76.29093499961613,36.81588999992051],[-76.29126199985427,36.81844799982371],[-76.29096200027861,36.81927700013378],[-76.29087799971471,36.81950800028434],[-76.28996200019593,36.8220480002374],[-76.29022400013673,36.82264099973769],[-76.29293599960644,36.828768999993144],[-76.29313499979808,36.82921899984585],[-76.29445000042337,36.82886100025179],[-76.2945519996323,36.82882500016375],[-76.29552199957779,36.828479000251484],[-76.29521100013147,36.827584000254525],[-76.29720700009892,36.82689799967283],[-76.29796199995924,36.82665300018306],[-76.29797200000498,36.826633000278164],[-76.29797100018008,36.82659599964928],[-76.29758700004054,36.825868000349736],[-76.29715799969512,36.82512200003768],[-76.29672599987498,36.82435899986586],[-76.29648400002564,36.823918000255404],[-76.29631699962107,36.82361299994307],[-76.29548499976785,36.8220900001034],[-76.29555599991298,36.82206100016416],[-76.2967340002709,36.82157600029515],[-76.29682200013445,36.82153999965596],[-76.29817000037171,36.82103099973275],[-76.29947800042599,36.82053700006815],[-76.30073100022868,36.82006300028047],[-76.30329999958326,36.81909300019056],[-76.30471599959257,36.818832999782394],[-76.30554400014614,36.81874599982472],[-76.30604600028647,36.818692999694605],[-76.30603200004278,36.81845100005876],[-76.30601000030146,36.81806100015869],[-76.30604700011139,36.817833000214954],[-76.30610599966262,36.81763199984314],[-76.30619699989921,36.8174579999752],[-76.30623299988423,36.81737299983803],[-76.30635900028092,36.817150999855215],[-76.30665499965863,36.81686699982609],[-76.30700299981316,36.81661799993383],[-76.307196000157,36.81649700016738],[-76.30731400015779,36.81644700023186],[-76.30789999996371,36.816199999668186],[-76.3081600002547,36.81611399994292],[-76.30898399971201,36.81584000030759]]]},"properties":{"geoid":"51740980100","tract_name":"Census Tract 9801","designation_status":"Planning candidate only; not federally designated","candidate_basis":"Contains a documented shipyard, ship-repair facility, marine terminal, or terminal project matching proposed Maritime Prosperity Zone screening concepts.","facility_count":1,"facilities":[{"name":"Norfolk Naval Shipyard","type":"Naval shipyard"}],"sources":[{"label":"U.S. Navy Norfolk Naval Shipyard","url":"https://www.navsea.navy.mil/Home/Shipyards/Norfolk/"}]}},{"type":"Feature","geometry":{"type":"Polygon","coordinates":[[[-77.44862700019601,37.488258999793516],[-77.44864800011243,37.487285999708796],[-77.44862499964789,37.48686899966242],[-77.4486189998001,37.48675799988857],[-77.44860399973149,37.48626799994329],[-77.44860399973149,37.48615100023754],[-77.44860399973149,37.48580200018501],[-77.4486049995564,37.48568599983314],[-77.44860100025676,37.48529799985449],[-77.4485900003861,37.48413500005066],[-77.44858700001305,37.48374799996778],[-77.44858600018813,37.48355299971914],[-77.44858299981509,37.48297099984383],[-77.44858199999017,37.482776999828445],[-77.44857899961713,37.48259100031072],[-77.44857199994443,37.482032999692215],[-77.44857000029462,37.48190300016323],[-77.44857000029462,37.481846999748115],[-77.44856000024886,37.48167100000316],[-77.44853000011165,37.481146000140114],[-77.4485200000659,37.48097100031652],[-77.44851000002016,37.48073599966431],[-77.44847999988293,37.48003199984826],[-77.44846999983719,37.47979799996972],[-77.44847999988293,37.47723600021796],[-77.44849599977645,37.47631299965066],[-77.44850499999728,37.47525499972035],[-77.44850499999728,37.4752389997102],[-77.44850699964711,37.47502399982088],[-77.44851500004302,37.47437900000657],[-77.44851800041607,37.47416500001997],[-77.44851599986794,37.473843999960536],[-77.44851199966999,37.472884000117794],[-77.44851199966999,37.47269500015528],[-77.44851199966999,37.472563999806546],[-77.44797299971974,37.47259000012808],[-77.446872000253,37.472645000092804],[-77.44635699969388,37.472687000233115],[-77.44629700031771,37.472692000095435],[-77.44582000029176,37.47273700026749],[-77.44538000007572,37.47277999989958],[-77.44406100015077,37.4729129996661],[-77.4439149996626,37.47292799991976],[-77.44377499992049,37.47293899986618],[-77.44369399972965,37.472943999711696],[-77.44362099993472,37.47294900026977],[-77.44322099990164,37.47298200009501],[-77.44307600013668,37.47298999998565],[-77.44302500008305,37.47299100023926],[-77.4429289998236,37.4729949998277],[-77.4426330004459,37.472993000033526],[-77.44167099999801,37.472943999711696],[-77.44123800035298,37.4729129996661],[-77.44064300032622,37.47287099965284],[-77.44040399995161,37.472834000181756],[-77.44003800025374,37.47277900035604],[-77.43968799955104,37.472725000034146],[-77.43944999989967,37.47268900003547],[-77.43929099989101,37.472665000264435],[-77.43881600041317,37.47259300019197],[-77.43865800022942,37.47256899967715],[-77.43863999978777,37.472566000325195],[-77.43858700008431,37.472557999676226],[-77.43857000036586,37.47255500032383],[-77.43840499961111,37.47252499966383],[-77.43836100012851,37.472516999723425],[-77.43652099979666,37.47217799994748],[-77.4362839999702,37.47212500016953],[-77.43613699965711,37.47207200035398],[-77.43606300003727,37.472037999860625],[-77.43599600009011,37.47200799970602],[-77.43586399984562,37.471933999891135],[-77.43574099982199,37.47185000016665],[-77.43563399969187,37.471765000077696],[-77.43553900015561,37.471673000132526],[-77.43545600031496,37.47157300003273],[-77.43535500003262,37.47142399990676],[-77.43530300015406,37.47132400018675],[-77.43526600034414,37.47121999993677],[-77.43523100018405,37.47108099976065],[-77.4352219999632,37.470993999662475],[-77.43523000035913,37.4705430002022],[-77.43532900009333,37.46932399979444],[-77.43540500026131,37.46830500026056],[-77.43542799982754,37.46815600003722],[-77.43543500039856,37.468007000229846],[-77.43542600017771,37.467858000125496],[-77.43540500026131,37.46772299998507],[-77.43537400029918,37.467603999822835],[-77.43532800026843,37.46748700012576],[-77.43526799999397,37.46737499975058],[-77.43515500001607,37.46721200017159],[-77.4350660003276,37.46710599995287],[-77.43496500004527,37.467006999780935],[-77.43485200006735,37.466916000018664],[-77.43472900004372,37.4668349999412],[-77.43457800043097,37.46675399977596],[-77.4344179996991,37.46668600035289],[-77.43425100019283,37.46662900031704],[-77.43407700011556,37.46658499965921],[-77.43388100029696,37.46655199986181],[-77.43371100041766,37.4665420000284],[-77.43354099964002,37.466542999655275],[-77.43292700024502,37.46658799996416],[-77.43037100041091,37.46677900035569],[-77.43004300034787,37.466804000214005],[-77.42989900040781,37.466815999971914],[-77.42876000040793,37.46691299972689],[-77.42848599987325,37.46693400034085],[-77.42825499989456,37.466951999945685],[-77.42801600041828,37.46697499979097],[-77.42797700006021,37.46673099986268],[-77.42793199985438,37.466371999803194],[-77.42783499976998,37.465589999777535],[-77.42771599994431,37.464560000218164],[-77.42770099987568,37.46442800021799],[-77.42767199956337,37.46422000034978],[-77.42765300019512,37.463956000341916],[-77.42764800017224,37.463859999978254],[-77.4276170002101,37.46351599968331],[-77.42747800029292,37.462441000147315],[-77.42747699956969,37.46243099976399],[-77.42747999994273,37.462234000140164],[-77.42732599995695,37.461073999875296],[-77.4271950004357,37.459986000316604],[-77.42695600006111,37.457896999811545],[-77.42684200025829,37.45690100007633],[-77.42678799983162,37.45638200021961],[-77.42675400039474,37.45620899970472],[-77.42673599995308,37.45611699986969],[-77.42667599967861,37.45544599964992],[-77.4266740000288,37.45541900000818],[-77.426448000073,37.45354400001761],[-77.42644300005011,37.45341800006591],[-77.42645499974569,37.45329199990199],[-77.42648300023309,37.453168999656036],[-77.4265259998908,37.45304800024876],[-77.4265400001345,37.45298399971692],[-77.42655699985293,37.45285400029545],[-77.42655799967784,37.4526419996462],[-77.42655900040107,37.45243200016652],[-77.42659200001303,37.45192599979313],[-77.42655100000516,37.45170399968774],[-77.42647900003513,37.451379000140804],[-77.42561500039487,37.450797999885445],[-77.42446100032637,37.4500250003538],[-77.42377699971286,37.449565999665026],[-77.42338599990059,37.449305000268666],[-77.42309999967033,37.44911500003152],[-77.42298099984464,37.44903399992634],[-77.42286899969166,37.44896000019382],[-77.42273899999532,37.44887100030289],[-77.42189700009635,37.44829599976189],[-77.42147500032196,37.44800600028685],[-77.42142500009325,37.447973000135164],[-77.42130700009245,37.44791100000529],[-77.42119999996234,37.44784899982409],[-77.42104500015164,37.44774299997038],[-77.42096599961062,37.44769099986613],[-77.42088299976993,37.44763699996649],[-77.42083400026445,37.447602999771924],[-77.42079900010434,37.44757600015178],[-77.42076999979203,37.447553000045104],[-77.42073700018008,37.44752399993144],[-77.42068199992848,37.44749800016433],[-77.42037399995692,37.44735100032348],[-77.41966599995224,37.44701600010185],[-77.41957200024092,37.4469669998713],[-77.41924900020074,37.44673100011619],[-77.41906900027568,37.4465840001946],[-77.41900800017632,37.446563000284115],[-77.41894500042712,37.44655299991714],[-77.41892600016055,37.446603000312294],[-77.4188940003735,37.44662799978416],[-77.41887699975675,37.44664699989074],[-77.41882700042635,37.44670699985759],[-77.41881700038061,37.446721999663524],[-77.41880899998469,37.44673499968309],[-77.4188030001369,37.44674900030502],[-77.41879399991606,37.44677399972811],[-77.4187889998932,37.4467849999566],[-77.41878200022052,37.44679799996522],[-77.41876899980171,37.44681899980973],[-77.41875799993105,37.44684100025181],[-77.41874899971022,37.446862000084266],[-77.4187460002355,37.446871999696796],[-77.41874299986245,37.44688999985169],[-77.41874100021262,37.44691200027296],[-77.41873899966448,37.44692600014863],[-77.41873600018975,37.44693599975254],[-77.41872799979383,37.44695999993763],[-77.4187250003191,37.446973999804314],[-77.4187250003191,37.4469850000034],[-77.41872699996891,37.446997999977256],[-77.4187329998167,37.447021000254566],[-77.41874000038771,37.44704299992409],[-77.41875100025838,37.44706600018761],[-77.41876100030412,37.44708299969564],[-77.41876999962662,37.44709900002619],[-77.4187739998246,37.44711399975353],[-77.4187749996495,37.44712300015899],[-77.4187739998246,37.44713799988151],[-77.41877100034985,37.44715099982873],[-77.41876499960377,37.44716600025885],[-77.41875799993105,37.447179000201196],[-77.41874700006039,37.44719499979803],[-77.41872600014399,37.447219999785275],[-77.41870900042558,37.44724399987924],[-77.41869500018186,37.44726799996557],[-77.41868099993816,37.44729499969682],[-77.41867000006751,37.44732300001539],[-77.41866599986955,37.447337999697815],[-77.41866000002176,37.44737100012961],[-77.41865699964872,37.447383000153344],[-77.41865099980093,37.44740100018535],[-77.41863699955724,37.44743399987616],[-77.41862900005964,37.4474620001427],[-77.41862499986168,37.447481000037406],[-77.41862400003676,37.44750099980874],[-77.41862300021185,37.447540000167685],[-77.4186209996637,37.447559999923286],[-77.41861499981592,37.447583000027805],[-77.41860200029546,37.447619999871115],[-77.41859600044765,37.44763699996649],[-77.4185920002497,37.447654999937335],[-77.4185910004248,37.447665000157],[-77.41858999970157,37.44767700013362],[-77.41858999970157,37.4476990003234],[-77.41858999970157,37.44771499980901],[-77.4185920002497,37.447731000004396],[-77.41859399989953,37.44775800028174],[-77.41859499972445,37.44777199999909],[-77.41859399989953,37.447788000182285],[-77.4185920002497,37.44779699979352],[-77.41858600040192,37.447822000292724],[-77.41858200020395,37.447835999998105],[-77.41857299998313,37.44785999989452],[-77.4185629999374,37.44788100015412],[-77.41855100024182,37.447903000283894],[-77.41853199997524,37.447934999877646],[-77.41852299975442,37.44795100002593],[-77.41851299970868,37.447973000135164],[-77.4185079996858,37.44798799968722],[-77.41850600003598,37.44799899973721],[-77.41850400038615,37.448012000248],[-77.41850600003598,37.448036000087946],[-77.41850900040903,37.4480609997941],[-77.41851400043191,37.44808600020513],[-77.41851600008172,37.448104000068],[-77.41851400043191,37.44812000018013],[-77.41851100005884,37.448134999702766],[-77.41850500021107,37.448151999681066],[-77.41849599999024,37.44817199998624],[-77.4184780004469,37.448205999922166],[-77.41847199970078,37.44822000026886],[-77.41847000005096,37.44822999969982],[-77.41846800040113,37.44824800024122],[-77.41846900022605,37.448257999668435],[-77.41847099987588,37.448272000005396],[-77.41847900027179,37.448310999962416],[-77.41848199974655,37.44832899977109],[-77.41848299957144,37.448343999965],[-77.41848199974655,37.44837299976073],[-77.41848199974655,37.448394999745815],[-77.41848299957144,37.44840399999721],[-77.4184869997694,37.44841699972449],[-77.41849199979228,37.44843000016264],[-77.41850000018819,37.44844500033625],[-77.41850400038615,37.44845399986844],[-77.41850900040903,37.448468000168724],[-77.41851100005884,37.448480000016495],[-77.41851100005884,37.44849000012588],[-77.41851199988376,37.44850199997017],[-77.41851199988376,37.4485230000495],[-77.41851100005884,37.44853999993968],[-77.41851000023394,37.448550999908456],[-77.41850900040903,37.44856199987566],[-77.4185069998609,37.448577999889885],[-77.41850299966293,37.44858899985307],[-77.41849799964005,37.44860099968148],[-77.41849199979228,37.448612000354466],[-77.41847699972367,37.448636000001876],[-77.41845699963218,37.44867100030595],[-77.41844999995949,37.448684999852446],[-77.41844400011169,37.448699999974906],[-77.41843800026392,37.448721999863885],[-77.4184309996929,37.44874100015177],[-77.41842599967002,37.44875100022627],[-77.41841899999736,37.44876200016402],[-77.41840899995161,37.448773999964665],[-77.41838399983723,37.44880199972962],[-77.41837200014167,37.44881900026958],[-77.4183529998751,37.448850000321244],[-77.41833799980648,37.44887399989229],[-77.41833000030888,37.44888899997687],[-77.41832399956279,37.44890499992116],[-77.41831100004231,37.44894799970987],[-77.4183019998215,37.44896899966406],[-77.41829699979861,37.44898000028294],[-77.41827800043035,37.449018999870844],[-77.41827500005729,37.44902999976923],[-77.41827199968425,37.449040999665954],[-77.41827199968425,37.44905399999572],[-77.41827199968425,37.4490690000442],[-77.41827500005729,37.44908999996442],[-77.41828000008017,37.44912000004393],[-77.41828199972998,37.44913500007923],[-77.4182829995549,37.449154000262226],[-77.4182829995549,37.44916699985912],[-77.41828199972998,37.449177999735745],[-77.41828000008017,37.44918799975183],[-77.41827599988221,37.44921199992762],[-77.41827300040748,37.44924299981643],[-77.41826900020952,37.44926299982992],[-77.41826599983648,37.44927299983464],[-77.41825800033887,37.449291000125015],[-77.41825099976785,37.449305000268666],[-77.41824099972212,37.449320000266866],[-77.41823200039958,37.44933100012094],[-77.41821599960775,37.44934699997071],[-77.41819999971423,37.44936000024724],[-77.41819200021662,37.44936799981288],[-77.41818299999578,37.44937699994721],[-77.41817299995004,37.449387999792904],[-77.41816499955414,37.44939699992483],[-77.41815899970635,37.44940600005567],[-77.41815200003366,37.44942199988933],[-77.4181489996606,37.44943400029724],[-77.4181489996606,37.44945599997036],[-77.41815200003366,37.449484000193216],[-77.41815299985858,37.449500000010254],[-77.41815200003366,37.4495219996639],[-77.4181489996606,37.449544999878434],[-77.41814600018587,37.449558000120554],[-77.4181400003381,37.449574999775535],[-77.41813199994218,37.44959299999325],[-77.41812199989643,37.449610000353395],[-77.41810400035308,37.44963799980549],[-77.41810000015512,37.44964699990733],[-77.4180929995841,37.44966099998435],[-77.4180850000865,37.44968500000839],[-77.41808099988855,37.4496949999567],[-77.41807599986568,37.44970599975568],[-77.41806699964484,37.449723000090145],[-77.41806099979705,37.44973899985601],[-77.41805800032233,37.44976299985502],[-77.41805699959909,37.449779000325556],[-77.41805800032233,37.44979599993026],[-77.41806099979705,37.449828999990935],[-77.41806099979705,37.4498499996978],[-77.41805999997214,37.44986399973683],[-77.41805699959909,37.44989500006856],[-77.41805499994928,37.449927000236556],[-77.41805400012437,37.44993899985028],[-77.41805199957624,37.44995500028312],[-77.41804900010149,37.44996600004388],[-77.41804599972845,37.44997699980301],[-77.41803700040593,37.45000399998288],[-77.41803200038305,37.45002200009737],[-77.41802800018509,37.45004000020758],[-77.41802200033732,37.450073000160614],[-77.41801999978918,37.45008600031097],[-77.4180149997663,37.45010900035209],[-77.41800899991853,37.450126999728134],[-77.41800399989565,37.45013900002295],[-77.41799899987276,37.45014800006451],[-77.41799100037518,37.45016100020185],[-77.41796899973555,37.4501940001015],[-77.41795799986488,37.450211000325055],[-77.41794799981915,37.45023000023475],[-77.41793299975053,37.450263000103966],[-77.41792600007784,37.45027600022131],[-77.41791900040515,37.45028799977906],[-77.41789199974266,37.450335000286735],[-77.41788599989488,37.450347999678385],[-77.41786499997848,37.45039500014836],[-77.41785400010781,37.45042499970453],[-77.41784999990986,37.45043900034911],[-77.41784800026004,37.450453000277896],[-77.41784400006208,37.4504890002865],[-77.41783900003921,37.4505220000414],[-77.41783700038938,37.45053800034959],[-77.41783599966617,37.45055600033558],[-77.41783400001634,37.45057599999802],[-77.41783099964329,37.450599999728496],[-77.41782800016856,37.4506200000923],[-77.4178259996204,37.450647000040085],[-77.41782499979551,37.4506640001607],[-77.41782200032075,37.450682999955326],[-77.41781599957467,37.450704000135616],[-77.41780999972688,37.450722000081655],[-77.41780399987911,37.45073500011928],[-77.41779700020642,37.4507480001546],[-77.41779100035862,37.45075700012289],[-77.41778100031289,37.45077000015438],[-77.41776000039648,37.45079299998519],[-77.4177539996504,37.4508010001107],[-77.41774799980261,37.45081099990981],[-77.41774500032787,37.45082399993198],[-77.41774600015279,37.450835000278055],[-77.41774899962752,37.45084900013273],[-77.41775200000058,37.45086399982128],[-77.41775700002344,37.45088999984486],[-77.4177610002214,37.450910000131124],[-77.41776399969613,37.45092300013603],[-77.41776700006919,37.45094699975522],[-77.4177679998941,37.45096299997245],[-77.4177679998941,37.450984999909],[-77.41776600024427,37.451001999952794],[-77.41776399969613,37.45101599977621],[-77.41776000039648,37.45102799992841],[-77.4177539996504,37.45104300029423],[-77.41773500028214,37.451084999733546],[-77.41772699988623,37.45110000008799],[-77.41771500019064,37.45111899977187],[-77.41770199977184,37.451137000331215],[-77.41767900020562,37.45116700030295],[-77.41766999998481,37.45117899971777],[-77.41766099976397,37.4511940000533],[-77.41765300026637,37.45121000021775],[-77.41764599969535,37.4512249998339],[-77.4176409996725,37.45123900032874],[-77.41763599964962,37.45125799997732],[-77.41763099962674,37.451280999658024],[-77.41762300012914,37.451316999981294],[-77.4176139999083,37.451358000150066],[-77.41760200021274,37.451409999844735],[-77.41759999966462,37.45142500013394],[-77.41759800001478,37.451443999735275],[-77.41759600036497,37.45146899972887],[-77.41759499964172,37.45150800015855],[-77.4175929999919,37.45152800027957],[-77.41758899979395,37.451543999659364],[-77.41758100029635,37.45157400018108],[-77.41757200007551,37.45161500020893],[-77.41756500040282,37.45164300033685],[-77.41756100020487,37.45166100005693],[-77.41755700000691,37.451689999993086],[-77.41755399963385,37.45170299986248],[-77.41755000033422,37.4517140000793],[-77.41754500031134,37.45172399975636],[-77.41753600009051,37.4517380001578],[-77.41752600004475,37.45175599985503],[-77.41752100002189,37.45177199989925],[-77.41751799964884,37.451784999754345],[-77.41751599999901,37.45179699978317],[-77.41751500017412,37.45181000034707],[-77.41751599999901,37.45182400001927],[-77.41751900037207,37.45185600007516],[-77.41752000019697,37.45186700026953],[-77.41752000019697,37.4518939997672],[-77.41752000019697,37.4519350003328],[-77.41751900037207,37.451969999806465],[-77.41752100002189,37.451984999983374],[-77.41752400039493,37.45199799980144],[-77.41753000024272,37.452011000330465],[-77.41753600009051,37.45202099996782],[-77.41754500031134,37.45203299995878],[-77.41755399963385,37.45204199977242],[-77.4175639996796,37.45205100029817],[-77.4175789997482,37.45206199975071],[-77.41761100043357,37.45208300025695],[-77.41762599960387,37.45209500023796],[-77.4176349998247,37.45210300022422],[-77.41764400004554,37.452115000202035],[-77.41765099971823,37.45212700017791],[-77.41765900011416,37.452143000142726],[-77.41766199958889,37.4521529997625],[-77.41766499996193,37.45216899972175],[-77.41766499996193,37.45219400018613],[-77.41766400013702,37.45221000013667],[-77.41766099976397,37.45222699990205],[-77.4176549999162,37.452253000164966],[-77.41764800024349,37.452268000285116],[-77.41762899997691,37.45230599976785],[-77.41761899993118,37.452332999820214],[-77.4176139999083,37.45235400025037],[-77.41761200025849,37.452370999983025],[-77.4176130000834,37.45238600007957],[-77.41761599955812,37.45240900012658],[-77.41760200021274,37.452495999744386],[-77.41756200002976,37.452551000229334],[-77.41753600009051,37.452599999654815],[-77.41753000024272,37.45268599995143],[-77.41750500012836,37.45275799994136],[-77.417480000014,37.4528130002336],[-77.4174669995952,37.452866000152774],[-77.41746800031844,37.45289900028537],[-77.41748500003688,37.45295399976078],[-77.41749400025772,37.45305099967062],[-77.41749000005976,37.453215999779694],[-77.41749199970958,37.45327300005693],[-77.41748500003688,37.45332099991888],[-77.41748900023484,37.453366000340914],[-77.41755700000691,37.45380799970353],[-77.41758200012127,37.453904000136205],[-77.4175789997482,37.45396600029076],[-77.41757799992331,37.453991999949224],[-77.41757799992331,37.45400200003488],[-77.4175789997482,37.454022000202166],[-77.41758200012127,37.4540390002688],[-77.41758499959599,37.45405899971311],[-77.41758799996904,37.454088000145745],[-77.41759100034209,37.45413000001471],[-77.41759499964172,37.45415300023857],[-77.41760100038783,37.45417700024761],[-77.41760800006053,37.45419999974389],[-77.41761200025849,37.454215999978395],[-77.41761499973322,37.454236000088464],[-77.41761700028137,37.45426099986195],[-77.41761800010629,37.454287000131],[-77.41761899993118,37.45430300034689],[-77.41762200030423,37.45432700030776],[-77.41762499977895,37.454342999802016],[-77.41763099962674,37.45435999979574],[-77.41763800019775,37.4543799998673],[-77.41764300022062,37.45439500027402],[-77.41764599969535,37.454409999964604],[-77.41765200044145,37.454443000129054],[-77.4176549999162,37.45445799981001],[-77.41765999993908,37.45447300020109],[-77.41766699961175,37.45449099995327],[-77.41767500000766,37.454507000125524],[-77.4176830004036,37.45451899971765],[-77.41769299955102,37.45453100002097],[-77.41770299959676,37.454540000247164],[-77.41772000021352,37.45455300033431],[-77.4177339995589,37.45455899977038],[-77.4177550003736,37.45456899978022],[-77.41776500041937,37.4545740001412],[-77.41777600029,37.45458299964913],[-77.4177889998105,37.454595999728795],[-77.41779399983338,37.454605999733694],[-77.41779800003133,37.45461599973726],[-77.41779899985623,37.45462499995322],[-77.41779499965827,37.45464299966881],[-77.41779100035862,37.454651999881584],[-77.41778299996271,37.45466599973497],[-77.41777200009206,37.454680000298815],[-77.41776299987121,37.454688000008595],[-77.41775200000058,37.45469599971756],[-77.41772299968825,37.4547140001292],[-77.4177129996425,37.45472100005038],[-77.41770099994694,37.45473100003855],[-77.41769099990121,37.45474100002539],[-77.4176840002285,37.454751000010894],[-77.41768699970325,37.4547619997795],[-77.41770199977184,37.45476899969623],[-77.41773699993196,37.45477799989378],[-77.41775700002344,37.45478600030619],[-77.41777799993983,37.45479600028568],[-77.41778799998558,37.454803000199234],[-77.41779800003133,37.45481199967962],[-77.41780399987911,37.454820000088404],[-77.41780999972688,37.454829000279815],[-77.41781499974977,37.454840999820284],[-77.41781800012281,37.454852000288724],[-77.41781899994773,37.45486200025939],[-77.4178170002979,37.45487600007347],[-77.41781300009994,37.45489900006792],[-77.41781300009994,37.45491599993526],[-77.41781599957467,37.45492800017484],[-77.41781999977263,37.45493800013534],[-77.4178259996204,37.45494700031261],[-77.41783300019142,37.45495599977566],[-77.41786099978053,37.454987000136434],[-77.41786900017644,37.454998999651544],[-77.41787500002422,37.4550119996589],[-77.41787900022217,37.45502699993887],[-77.41788000004709,37.455039999941356],[-77.41787800039728,37.4550580002702],[-77.41787500002422,37.45506899999361],[-77.4178669996283,37.45508400026213],[-77.41784499988698,37.4551200001812],[-77.41782899999347,37.455146000151636],[-77.41781599957467,37.45516900006306],[-77.41780999972688,37.45518299981962],[-77.41781300009994,37.455191999967404],[-77.4178259996204,37.45518999969695],[-77.41784200041226,37.45518500009027],[-77.41786099978053,37.45518400031154],[-77.41787599984913,37.45518800013955],[-77.41788599989488,37.45519299974603],[-77.41789799959044,37.45520199989261],[-77.41790699981128,37.45521400008635],[-77.41791199983413,37.45522499978681],[-77.41791699985701,37.45523799975488],[-77.41792899955257,37.45527400031294],[-77.41793399957545,37.45529400014008],[-77.4179369999485,37.455314999738924],[-77.4179369999485,37.455342999907934],[-77.41793600012359,37.45539799972548],[-77.41793600012359,37.45541200015234],[-77.41793600012359,37.455438999796556],[-77.4179369999485,37.45545399999088],[-77.41794500034443,37.45551199976313],[-77.41795299984203,37.455568999716824],[-77.41795500039017,37.45558000007818],[-77.4179589996898,37.455596000017465],[-77.41796200006286,37.45560899992105],[-77.41796899973555,37.45562899965861],[-77.41797700013147,37.4556539996796],[-77.41798200015434,37.45567000031617],[-77.4179860003523,37.45568700000827],[-77.41799100037518,37.45571599980964],[-77.41799800004786,37.4557550001642],[-77.41800200024583,37.45577600034667],[-77.41800300007073,37.45578799973519],[-77.41800399989565,37.45580999967876],[-77.41800399989565,37.45582799982228],[-77.41800300007073,37.45587499970126],[-77.41800399989565,37.45589599985003],[-77.41800499972057,37.45591000018362],[-77.41800999974343,37.455941000149004],[-77.41801300011647,37.455965000297354],[-77.41801599959122,37.45600300004112],[-77.41801899996426,37.45601899988991],[-77.41802499981205,37.456055000072034],[-77.41803099965983,37.45609700026264],[-77.41803300020797,37.456109000312715],[-77.4180359996827,37.456120999647815],[-77.41804099970558,37.45613899971649],[-77.41804400007862,37.456150999759885],[-77.41805699959909,37.45620199992276],[-77.41805999997214,37.456216999964056],[-77.41806300034519,37.45623599977431],[-77.4180640001701,37.45624499979537],[-77.41806699964484,37.45627600033496],[-77.41807000001788,37.456307999912305],[-77.41807400021584,37.456337000186],[-77.41808000006363,37.456370999976215],[-77.41808199971345,37.45637999998098],[-77.4180850000865,37.45639100022306],[-77.4180919997592,37.45641399975166],[-77.4180990003302,37.4564399999853],[-77.41810199980493,37.45644999974364],[-77.41810400035308,37.456460000213696],[-77.41810500017797,37.45647299996715],[-77.4181069998278,37.45649600018353],[-77.4181069998278,37.45652499967126],[-77.41810900037595,37.456555000334326],[-77.41811199985068,37.45657799981244],[-77.41811799969847,37.45662499993318],[-77.41812600009438,37.45666699980362],[-77.41813399959199,37.45671200035174],[-77.41813699996503,37.45672700029074],[-77.41814299981282,37.45674599997148],[-77.41815200003366,37.45677400031785],[-77.4181550004067,37.456784000031476],[-77.41816200007939,37.45680899966637],[-77.41816799992716,37.45684500018131],[-77.41817499959987,37.45687599975908],[-77.41818200017089,37.456916999733004],[-77.41818800001866,37.45694200003655],[-77.41819600041458,37.456979999997],[-77.41820100043746,37.457011999986214],[-77.41820800011014,37.45704499971567],[-77.41821599960775,37.457086000309985],[-77.41822400000368,37.457124000197275],[-77.41822999985146,37.457147000213496],[-77.4182330002245,37.457159000095146],[-77.41824200044533,37.45718599982177],[-77.41824699956989,37.457200999665694],[-77.41825400014089,37.45722800009025],[-77.41825699961564,37.45724299992576],[-77.41825900016377,37.457253000289825],[-77.4182609998136,37.45726200018851],[-77.41826599983648,37.457314000057124],[-77.4182680003846,37.45733400005177],[-77.41827300040748,37.45735799975315],[-77.41828000008017,37.45738599987038],[-77.41829799962352,37.457454999656036],[-77.41831299969212,37.45751200026811],[-77.41831699989008,37.457523000343684],[-77.41832399956279,37.457544000029685],[-77.41833199995871,37.45756900012363],[-77.41833699998159,37.45758999979673],[-77.41834000035462,37.45759899965484],[-77.41834399965427,37.45761100017702],[-77.4183529998751,37.45763499978944],[-77.41835700007306,37.45764899979754],[-77.41835899972287,37.45766100031169],[-77.41836000044611,37.4576719996523],[-77.41836000044611,37.45768599965341],[-77.41836000044611,37.457721999746184],[-77.41836100027102,37.45775299967352],[-77.41836200009594,37.45776500017097],[-77.41836299992083,37.457782999843964],[-77.4183670001188,37.457801000225714],[-77.4183739997915,37.457829999920456],[-77.41837799998946,37.45784300014881],[-77.41838499966215,37.45786500020101],[-77.41838999968503,37.457880999651444],[-77.418393999883,37.4578980002671],[-77.41839600043113,37.45791099977054],[-77.41839800008094,37.4579230002427],[-77.41839999973077,37.457945000271316],[-77.4184020002789,37.457965000097275],[-77.41840399992873,37.457974999651704],[-77.41840499975363,37.45798499991788],[-77.41841099960143,37.458011000318436],[-77.41841300014957,37.45802099986671],[-77.41841399997448,37.4580349998025],[-77.41841599962429,37.45806600031318],[-77.41841700034753,37.45807899978741],[-77.41841999982225,37.45808999977958],[-77.41842499984513,37.45811000027985],[-77.4184309996929,37.45813000006163],[-77.41843900008882,37.45815200002941],[-77.41845499998236,37.458193000016806],[-77.41846000000523,37.45820699992044],[-77.41846400020319,37.45822000008326],[-77.41847699972367,37.45826900007321],[-77.41848099992163,37.4582850001503],[-77.41848500011959,37.45829600011222],[-77.41849599999024,37.45831599984425],[-77.41850000018819,37.458325000328095],[-77.41850400038615,37.458339999943576],[-77.41850600003598,37.45835099989735],[-77.4185079996858,37.45836300029885],[-77.41851000023394,37.458385999934016],[-77.41851400043191,37.458412000195146],[-77.41851899955645,37.458428999977],[-77.41852299975442,37.45843999991775],[-77.41852699995238,37.458450999856815],[-77.41853500034831,37.458466999894966],[-77.41855299989166,37.45849699977899],[-77.41857600035618,37.45853699984338],[-77.41858399985378,37.45855400030991],[-77.41858899987666,37.45857000032603],[-77.41858999970157,37.45858400015902],[-77.41858999970157,37.45859799998946],[-77.41858899987666,37.458611000084304],[-77.41858499967871,37.458635999821496],[-77.41857999965583,37.458664999905515],[-77.41857600035618,37.458680000165884],[-77.41856999961009,37.45869699988687],[-77.41856200011249,37.45872200030839],[-77.4185570000896,37.458739000019776],[-77.41855500043978,37.45875599972735],[-77.41855500043978,37.45877500031872],[-77.41855799991453,37.4588029999054],[-77.41855799991453,37.458815999964614],[-77.4185570000896,37.45882499967513],[-77.41855500043978,37.458839999903404],[-77.41855200006673,37.458850999783635],[-77.41854799986878,37.458860999932675],[-77.41854200002099,37.45887600015368],[-77.41853000032543,37.458903999702535],[-77.41852600012747,37.4589180001861],[-77.41852299975442,37.45893299968264],[-77.41852199992951,37.45894900033074],[-77.41852100010459,37.45895800002532],[-77.41851699990664,37.45897100005752],[-77.41851000023394,37.45898100019051],[-77.41850199983801,37.45898999988123],[-77.41849199979228,37.45899599967441],[-77.41848000009671,37.459002000180185],[-77.41846500002809,37.45900799997246],[-77.41844800030965,37.45901200030903],[-77.41843599971578,37.45901300003659],[-77.41841800017244,37.459010999868376],[-77.41840300010381,37.459005999804056],[-77.41838899986011,37.458994999946626],[-77.41838300001234,37.45898699998446],[-77.41837499961642,37.45897300022685],[-77.41837100031677,37.45895700029696],[-77.41836799994371,37.45893900019347],[-77.41836799994371,37.45892600015564],[-77.41836899976865,37.458905000144625],[-77.41837100031677,37.45889299983011],[-77.41837499961642,37.45887900005495],[-77.41838200018742,37.45886500027712],[-77.41838999968503,37.458852000226436],[-77.41840099955569,37.45883700000062],[-77.41841099960143,37.45882399994506],[-77.41841599962429,37.45881000015694],[-77.41841800017244,37.45879900027067],[-77.41841800017244,37.45878699993915],[-77.41841599962429,37.4587760000495],[-77.41841099960143,37.458762000252385],[-77.41840399992873,37.458747999739614],[-77.418393999883,37.45873499966859],[-77.41837899981438,37.458717000224745],[-77.41836100027102,37.45869600015504],[-77.41835500042323,37.458686999715894],[-77.41834700002732,37.45867400034735],[-77.41833100013379,37.45864500026682],[-77.41831500024027,37.458619999819504],[-77.41830699984435,37.45860500026019],[-77.41829900034674,37.458587000072015],[-77.4182829995549,37.458544999853686],[-77.41827900025527,37.45853499966239],[-77.41827599988221,37.458523999735675],[-77.4182740002324,37.45850900015711],[-77.41827000003444,37.458482999929686],[-77.41826900020952,37.45847400017801],[-77.4182609998136,37.458428000241646],[-77.41825900016377,37.45841599985058],[-77.41825599979073,37.458402999721834],[-77.41825300031599,37.45839399996047],[-77.41824699956989,37.458375999721454],[-77.4182399998972,37.45836199984951],[-77.41823499987431,37.45835099989735],[-77.41821700033098,37.45831599984425],[-77.41820399991218,37.458282000225246],[-77.41819399986645,37.458260000295766],[-77.41818999966848,37.45825099980416],[-77.41818399982071,37.45823199979268],[-77.41818100034597,37.45822000008326],[-77.4181760003231,37.4582000003255],[-77.41816600027735,37.45815200002941],[-77.41816299990431,37.45814000030709],[-77.41815299985858,37.45811199975907],[-77.41815000038383,37.458097000097915],[-77.41815000038383,37.4580809999806],[-77.41815100020874,37.45805000018923],[-77.41815200003366,37.45802899993222],[-77.41815200003366,37.457995000182734],[-77.41815299985858,37.457915999908074],[-77.41815000038383,37.457885000048314],[-77.41814700001076,37.45786800014279],[-77.41814199998791,37.45785299971955],[-77.41813500031522,37.457837000263126],[-77.41812899956912,37.457824999777166],[-77.4181129996756,37.45779800028125],[-77.41809699978207,37.457768000116765],[-77.41808599991141,37.45774800023818],[-77.41807900023872,37.4577370001957],[-77.41805699959909,37.45770499980355],[-77.41804599972845,37.4576870001118],[-77.4180270003602,37.45765300020682],[-77.41801800013936,37.457634000043456],[-77.41801099956834,37.45761600033461],[-77.41800200024583,37.457589000050135],[-77.41799700022295,37.457572999824144],[-77.41799300002499,37.45756000026189],[-77.41798700017722,37.457536999659645],[-77.4179799996062,37.457521999883106],[-77.41797100028367,37.45751099980739],[-77.41796200006286,37.45749999973005],[-77.41794799981915,37.45748700015511],[-77.41793600012359,37.457473000116735],[-77.41792799972767,37.457462000033814],[-77.41791400038227,37.457437999652775],[-77.41790699981128,37.45742800002655],[-77.41789900031367,37.45741900014784],[-77.41788300042013,37.45740899980597],[-77.41786400015356,37.45740099967414],[-77.41783900003921,37.457394999753],[-77.41781899994773,37.45739699996449],[-77.417804999704,37.45740800005697],[-77.41779499965827,37.45742299985638],[-77.41779100035862,37.457433999945046],[-77.41778600033577,37.457454999656036],[-77.41778600033577,37.457467999949586],[-77.41778799998558,37.457478000283565],[-77.41779100035862,37.45748700015511],[-77.4177960003815,37.45749999973005],[-77.4178239999706,37.45755599984764],[-77.41782899999347,37.457567999663674],[-77.41783300019142,37.457583999890744],[-77.41783499984125,37.45760099986082],[-77.41783499984125,37.4576259999357],[-77.41783599966617,37.45764099969138],[-77.4178380002143,37.457650000256415],[-77.41784200041226,37.45766500000728],[-77.41787000000134,37.457748999982634],[-77.41787400019932,37.45776500017097],[-77.41787599984913,37.457779000154744],[-77.41787599984913,37.45779099993493],[-77.41787599984913,37.45780199996951],[-77.41787500002422,37.45781099980207],[-77.41787400019932,37.457823000290276],[-77.41787199965115,37.457834000320105],[-77.41786800035152,37.457851000233354],[-77.41785900013069,37.457876999967404],[-77.41785400010781,37.45789199967274],[-77.41785099973477,37.45790400014795],[-77.41784800026004,37.45793100031869],[-77.4178459997119,37.457943000074536],[-77.4178380002143,37.457979000043544],[-77.41783499984125,37.457995999923874],[-77.41783400001634,37.45800699992826],[-77.41783400001634,37.45802200032061],[-77.41783499984125,37.45803699999686],[-77.41783999986413,37.458070999727255],[-77.41784099968902,37.458086999846714],[-77.41784499988698,37.45813399973214],[-77.41784499988698,37.45815200002941],[-77.41784400006208,37.45816200027187],[-77.41784300023716,37.45817100006115],[-77.41783900003921,37.458182000039784],[-77.41783200036652,37.45819699968394],[-77.41782700034364,37.458211000299876],[-77.4178239999706,37.458223000010804],[-77.41782300014567,37.458239000097734],[-77.41782300014567,37.458252999992695],[-77.4178239999706,37.45826900007321],[-77.4178259996204,37.45828299996262],[-77.41783400001634,37.45831599984425],[-77.41783900003921,37.458332999647986],[-77.4178459997119,37.45834799997495],[-77.41785599975765,37.458366999956894],[-77.41786099978053,37.4583779999067],[-77.41786499997848,37.45838699966999],[-77.41787400019932,37.458410000010815],[-77.41787900022217,37.45842199968981],[-77.41789599994061,37.458461000059344],[-77.41791199983413,37.45849600004453],[-77.41792299970479,37.45852200026742],[-77.41792799972767,37.45853300019443],[-77.41794000032154,37.458552000129366],[-77.41794899964407,37.45857000032603],[-77.41795399966692,37.45858400015902],[-77.41795700003998,37.458598999722554],[-77.4179589996898,37.458608999905294],[-77.41796600026082,37.45864699973178],[-77.41797100028367,37.45865699990805],[-77.41798800000211,37.45868899989277],[-77.41799300002499,37.4587019999718],[-77.41799499967482,37.45871299987238],[-77.41799800004786,37.45873300020598],[-77.41800100042092,37.45874600027735],[-77.41800700026869,37.45876099980839],[-77.41801700031444,37.45878499976484],[-77.41802099961407,37.458794000192185],[-77.41802200033732,37.4588029999054],[-77.41802099961407,37.45882000031147],[-77.41801700031444,37.45882999975156],[-77.41800399989565,37.458858999760345],[-77.41799999969768,37.45886899990832],[-77.41799600039803,37.458881999956056],[-77.4179939998499,37.45889500000153],[-77.41799700022295,37.458907000315726],[-77.41800600044378,37.45891399984449],[-77.41801999978918,37.4589169997442],[-77.41803400003286,37.45891600001535],[-77.41804800027658,37.458913000115565],[-77.41806599981992,37.45890899977369],[-77.41810000015512,37.458900999802324],[-77.41812400044455,37.45889599973064],[-77.41813799978995,37.45889599973064],[-77.41815899970635,37.458900999802324],[-77.41817100030023,37.458907000315726],[-77.41818299999578,37.458915000286446],[-77.41819600041458,37.45892600015564],[-77.4182049997371,37.458934999852985],[-77.41821399995791,37.45894599971924],[-77.41821999980571,37.45895700029696],[-77.41822700037672,37.4589700003294],[-77.41823200039958,37.45898699998446],[-77.41823499987431,37.458999000283896],[-77.41823599969923,37.459010999868376],[-77.41823800024738,37.45903100012227],[-77.41824200044533,37.45905099965779],[-77.41824599974497,37.459062000220065],[-77.41825199959277,37.45907500023425],[-77.41826199963852,37.459088000246176],[-77.41827099985933,37.45909900008992],[-77.41828599992795,37.45911400026324],[-77.41830600001946,37.459133000050564],[-77.41831699989008,37.45914999966851],[-77.41831900043823,37.45916499983159],[-77.41831299969212,37.459177999827865],[-77.41830299964639,37.459190999821885],[-77.41829900034674,37.459200000200354],[-77.41830000017166,37.45921100002764],[-77.41830799966927,37.45922100012854],[-77.418317999715,37.45922800034099],[-77.41832799976075,37.45923299967739],[-77.41834600020242,37.459241000326315],[-77.41835799989798,37.459247999823766],[-77.41837899981438,37.45926200024298],[-77.41840399992873,37.4592809999927],[-77.41841399997448,37.45928999964727],[-77.41842400002021,37.45930300033489],[-77.41843900008882,37.459330999723875],[-77.41844699958642,37.4593459998506],[-77.41845499998236,37.45935800009248],[-77.41846400020319,37.45936699973777],[-77.41847199970078,37.45937399993657],[-77.41848299957144,37.45937999969893],[-77.4185150002568,37.45939299965783],[-77.41852899960219,37.459399999854185],[-77.41854000037117,37.459407000049836],[-77.41855100024182,37.45941599968929],[-77.41855999956435,37.459425999762765],[-77.41856799996026,37.459437999991756],[-77.4185789998309,37.4594580001315],[-77.4185910004248,37.45948300029861],[-77.4186059995951,37.459519999960165],[-77.41861800018897,37.459555000162766],[-77.4186280002347,37.459590000348996],[-77.4186409997552,37.459646000327666],[-77.41864699960297,37.459675000020006],[-77.41865300034907,37.45971599988553],[-77.41866000002176,37.459746999699306],[-77.41868000011324,37.45982999975862],[-77.4186840003112,37.459843000352315],[-77.41868900033408,37.459857999663306],[-77.41869600000678,37.45987299968437],[-77.41872000029622,37.45991700001394],[-77.41873000034197,37.45993700002557],[-77.41873799983958,37.45995900017476],[-77.4187460002355,37.45999299974438],[-77.41875100025838,37.46000700002405],[-77.418754999558,37.460017000018496],[-77.41876499960377,37.460039999857976],[-77.41877100034985,37.460054000128856],[-77.41878700024337,37.46009499978657],[-77.41879499974098,37.4601230003051],[-77.41880700033487,37.460171999761236],[-77.41881400000754,37.460193999841294],[-77.41882599970312,37.460230999864116],[-77.4188319995509,37.46025099979172],[-77.4188449999697,37.46030200001077],[-77.41884800034273,37.46031799965288],[-77.41884900016767,37.460329000028764],[-77.41884900016767,37.46033999968997],[-77.4188459997946,37.46035399990473],[-77.41884300031987,37.460363999852724],[-77.41883699957377,37.46037300009007],[-77.41883099972598,37.460380999903954],[-77.41881599965738,37.46039899966029],[-77.41881300018265,37.46040900031539],[-77.41881599965738,37.46041900025608],[-77.41882599970312,37.46043100032572],[-77.418838000297,37.4604390001334],[-77.4188590002134,37.460453000329565],[-77.41887099990895,37.46046199984313],[-77.41888199977961,37.460475000327],[-77.41888599997758,37.460483999837855],[-77.41889500019842,37.46050899966195],[-77.41890199987111,37.4605270001006],[-77.41891000026702,37.460541999987456],[-77.41891899958954,37.46055999970505],[-77.41893100018342,37.460580000257764],[-77.41894299987898,37.46059700025984],[-77.41894799990186,37.46060599975607],[-77.41895299992473,37.460614999964235],[-77.41895799994761,37.4606299998334],[-77.41896100032065,37.46064800024291],[-77.41896200014557,37.46066099998138],[-77.41896399979538,37.460694000239755],[-77.41896600034352,37.460714999748376],[-77.41896899981826,37.46073199971975],[-77.4189720001913,37.46074599986111],[-77.41897600038925,37.46076099970399],[-77.41898600043501,37.46078300032383],[-77.41899599958244,37.46080000027974],[-77.41900599962817,37.46082099975859],[-77.41901099965105,37.460836000299544],[-77.41901900004697,37.46086899976762],[-77.4190280002678,37.460904999754206],[-77.41903900013845,37.460958000356456],[-77.41904199961319,37.46097899979094],[-77.41904199961319,37.461021999769024],[-77.41904300033642,37.46103799997013],[-77.41904699963605,37.46105100035381],[-77.41905000000911,37.4610599997954],[-77.41906000005484,37.461076999688345],[-77.41906599990263,37.46108899965243],[-77.41907000010059,37.4610999999149],[-77.41907299957532,37.46111199987525],[-77.41908000014634,37.461142000124276],[-77.4190840003443,37.46115400007793],[-77.41909100001698,37.46117099994951],[-77.41910100006274,37.46118900022879],[-77.41912199997913,37.46122299995217],[-77.41913700004775,37.46124499972299],[-77.41914299989553,37.461258000070735],[-77.41914700009349,37.46127200011357],[-77.4191479999184,37.46129399986998],[-77.41914399972043,37.46131400022637],[-77.41914000042078,37.46132699984905],[-77.41912799982691,37.461357999708014],[-77.41912500035217,37.46136899993092],[-77.41912500035217,37.461383999648874],[-77.41913299984978,37.461401999876834],[-77.41914299989553,37.46141599989271],[-77.41916999965972,37.46144699971482],[-77.4191830000785,37.46146799972503],[-77.41918700027647,37.46147899993174],[-77.41918999975118,37.46149000013685],[-77.4191909995761,37.461504999830474],[-77.4191909995761,37.46152099992823],[-77.41918999975118,37.46154300032445],[-77.41918800010137,37.4615580000075],[-77.41918399990341,37.46157699988691],[-77.41917899988054,37.46159500006841],[-77.41916800000988,37.46162700022199],[-77.41916399981193,37.461641999888194],[-77.41916399981193,37.46165500016685],[-77.41916399981193,37.46167199992457],[-77.41916600036006,37.46169099977501],[-77.41917100038292,37.46172499998318],[-77.41917399985768,37.46174800001036],[-77.41917399985768,37.461759999866764],[-77.41917300003276,37.46177700031362],[-77.41917100038292,37.461789000165325],[-77.41916499963683,37.46181599964645],[-77.41916299998701,37.46183300008057],[-77.41916299998701,37.46185600007453],[-77.4191620001621,37.46186500013225],[-77.41916100033718,37.46187600028055],[-77.41915600031433,37.461904999821115],[-77.41915700013922,37.46191500027479],[-77.41916100033718,37.46193100028482],[-77.41917100038292,37.46194399980018],[-77.4191830000785,37.461952000159044],[-77.41920099962185,37.46195799971462],[-77.41922400008637,37.46195900011584],[-77.4192459998277,37.46195700002638],[-77.419267999569,37.46195799971462],[-77.41928500018575,37.46196699976005],[-77.41929799970623,37.46198200007105],[-77.41930299972908,37.46199300020215],[-77.41930600010214,37.462004000331625],[-77.41930799975196,37.46201299965852],[-77.4193089995769,37.46202599987267],[-77.4193100003001,37.46203600031017],[-77.4193089995769,37.46204899980732],[-77.41930699992706,37.462062000015266],[-77.41930299972908,37.46209300028257],[-77.41930199990418,37.46210200031175],[-77.41930199990418,37.46211800028177],[-77.41930399955402,37.46213499993418],[-77.41930699992706,37.46214499964404],[-77.41931199994993,37.46215900023385],[-77.41932199999567,37.462178999645765],[-77.41933399969123,37.46219899976544],[-77.419351000308,37.462225999811515],[-77.41935700015578,37.46223699990672],[-77.41936100035373,37.4622480000003],[-77.41936499965338,37.462261999857766],[-77.41937100039948,37.462295999806294],[-77.41937700024725,37.462320999737614],[-77.419379999722,37.46233899974006],[-77.41938399991994,37.46236299997421],[-77.4193880001179,37.462376000127556],[-77.41939399996569,37.46239200003893],[-77.41940200036161,37.46240399979193],[-77.41941400005719,37.46242100009243],[-77.4194440001944,37.462459999802356],[-77.41946299956267,37.46249099990464],[-77.4194850002023,37.462524999749085],[-77.41949600007294,37.462542000022005],[-77.41950399957055,37.462557999897875],[-77.41951000031665,37.462571999697296],[-77.41951399961629,37.46258400013446],[-77.41951600016444,37.462593999784275],[-77.41951699998933,37.46260899996949],[-77.41951600016444,37.46262200008007],[-77.41951299979137,37.46264099968911],[-77.41950199992074,37.46268600020749],[-77.41949600007294,37.46270499980026],[-77.41948000017942,37.462750999957755],[-77.41946400028588,37.46279200027573],[-77.41946099991284,37.46280100022083],[-77.41945800043811,37.462814000297975],[-77.41945800043811,37.462830999792196],[-77.41946199973776,37.46284700031921],[-77.41946799958554,37.46285800032305],[-77.41947500015654,37.46287000000132],[-77.4194850002023,37.462885999806986],[-77.41949400042311,37.46290200032223],[-77.4195000002709,37.462914999668826],[-77.41950799976851,37.462935999979784],[-77.41951500033952,37.46296000002229],[-77.41951699998933,37.46297199968419],[-77.41951799981425,37.462986000119145],[-77.41951699998933,37.463021000125465],[-77.41951600016444,37.4630419996936],[-77.41951699998933,37.46305899984899],[-77.41951899963915,37.4630800001195],[-77.4195210001873,37.463091999762085],[-77.41952399966203,37.46310800023329],[-77.41953399970778,37.46314900035556],[-77.41954299992861,37.46319199979872],[-77.41954700012657,37.46320600019248],[-77.4195560003474,37.46323200020379],[-77.41956200019519,37.46324999998688],[-77.4195630000201,37.463258999876786],[-77.41956499966993,37.46328099976162],[-77.41956499966993,37.46329300008505],[-77.41956399984501,37.46331099985344],[-77.41956100037027,37.463345000038004],[-77.41956100037027,37.46335800002062],[-77.41956200019519,37.463368000279964],[-77.41956499966993,37.46339699995485],[-77.41956899986789,37.46342999971877],[-77.41956999969278,37.46344100034989],[-77.41957300006585,37.46345400031581],[-77.4195770002638,37.46346599989837],[-77.41958399993648,37.46348999977081],[-77.41958800013445,37.46350200006063],[-77.41959599963207,37.46353400011105],[-77.41959900000509,37.46354799972779],[-77.41959999983001,37.46355799996167],[-77.41959999983001,37.46357000024058],[-77.41959999983001,37.463581999804575],[-77.41959700035528,37.46361300015472],[-77.41959599963207,37.4636280001355],[-77.41959700035528,37.46363999969019],[-77.41959800018019,37.46365199995594],[-77.41959999983001,37.46366200017591],[-77.41960400002797,37.46367399972514],[-77.41960700040103,37.46368399994216],[-77.4196199999215,37.463720999664126],[-77.41962199957132,37.46373099987487],[-77.41962400011946,37.46375100029238],[-77.41962300029455,37.46376499986844],[-77.4196190000966,37.46379000002162],[-77.41961700044678,37.46380499996695],[-77.41961700044678,37.46382199994884],[-77.41961800027168,37.46383699988769],[-77.4196199999215,37.46384900012182],[-77.41962199957132,37.463859000315495],[-77.41962699959419,37.46388100002379],[-77.41962999996726,37.46389399991321],[-77.41963599981503,37.463912999912004],[-77.41964599986078,37.46394299975024],[-77.41965099988366,37.46395499996736],[-77.4196550000816,37.46397300028948],[-77.41965699973143,37.463982999753526],[-77.41965699973143,37.46399799966008],[-77.41965699973143,37.46400999986837],[-77.41965699973143,37.46404199970143],[-77.41965799955632,37.46407400023377],[-77.41965900027957,37.464089000122065],[-77.41966400030243,37.46411099976268],[-77.41966699977716,37.4641220002936],[-77.41967699982291,37.46414799998632],[-77.41968000019595,37.46416099982931],[-77.41968100002087,37.46417300001145],[-77.41968100002087,37.464191000281076],[-77.41967799964783,37.464212000233594],[-77.41967299962495,37.46424600000843],[-77.41967000015022,37.464268999973214],[-77.41966799960208,37.46428799987672],[-77.41966799960208,37.464312999855025],[-77.41967000015022,37.46432799969543],[-77.41967400034818,37.464351000347975],[-77.41967900037103,37.46436899986166],[-77.41968400039391,37.46438599971531],[-77.4196900002417,37.46439799986139],[-77.41970000028743,37.464412999684676],[-77.4197189996557,37.464438000334226],[-77.4197329998994,37.464455999826974],[-77.41974899979294,37.46448099974911],[-77.41975800001377,37.46449600026878],[-77.41976499968645,37.464511999726504],[-77.41977399990729,37.46453700034294],[-77.41977700028035,37.46455000011825],[-77.41977899993016,37.46456099987155],[-77.41977999975508,37.464572000336254],[-77.41978099958,37.46459300018181],[-77.4197820003032,37.46460900033175],[-77.41978800015099,37.46462600013083],[-77.4197949998237,37.46463699987294],[-77.41980800024248,37.46465900006534],[-77.41981999993804,37.46467900023461],[-77.41982599978583,37.464694999653176],[-77.4198319996336,37.46471699982851],[-77.41983699965648,37.46473000028554],[-77.41984300040258,37.46473999964835],[-77.41985300044831,37.46475399975224],[-77.41987400036471,37.464777000273735],[-77.41988400041046,37.464790999657666],[-77.41989100008314,37.46480600011514],[-77.41990100012889,37.46483699995778],[-77.41990600015177,37.464849000031464],[-77.41991399964937,37.464863999764276],[-77.41993399974086,37.464895999944794],[-77.41993999958865,37.46490899965774],[-77.41994700015964,37.4649360001512],[-77.41995100035763,37.464950000218394],[-77.41995800003029,37.46496899994889],[-77.41996999972586,37.46499700006828],[-77.41997499974875,37.46501300013176],[-77.4199780001218,37.465027000184534],[-77.4199789999467,37.46503799986765],[-77.4199789999467,37.46505599992903],[-77.41997700029688,37.465075999992095],[-77.41997700029688,37.465086999668],[-77.41997700029688,37.46509800005532],[-77.4199780001218,37.46511899975308],[-77.4199780001218,37.46515000017896],[-77.41997700029688,37.465208999918964],[-77.4199789999467,37.4652349999467],[-77.41998700034262,37.46528499997462],[-77.41999099964225,37.465332999969995],[-77.4199920003655,37.465354000314825],[-77.41999099964225,37.46536899994632],[-77.41998899999244,37.465394999918416],[-77.41998200031976,37.465436999854276],[-77.41997700029688,37.46547200013928],[-77.41997300009892,37.465512000037506],[-77.41997300009892,37.4655350003258],[-77.41997200027402,37.465589999777535],[-77.41997300009892,37.46561500003345],[-77.41997700029688,37.46563299995591],[-77.41998399996957,37.465662000178305],[-77.41998499979448,37.46567099977788],[-77.41998499979448,37.465684999707435],[-77.4199789999467,37.46569799999616],[-77.41996700025113,37.46570399996417],[-77.41995300000744,37.46570199997488],[-77.41993999958865,37.46569299966602],[-77.41993200009104,37.465684999707435],[-77.41992500041835,37.465676000109546],[-77.4198950002811,37.465636000299064],[-77.4198879997101,37.46562600034307],[-77.41987500018963,37.46562299999952],[-77.41987500018963,37.465640000281056],[-77.4198790003876,37.46565299986463],[-77.41988500023537,37.46566600015891],[-77.41989299973298,37.46568099972786],[-77.41990199995381,37.46569499965554],[-77.41991399964937,37.46570999993163],[-77.41992500041835,37.465721999865146],[-77.41994799998456,37.46574300010065],[-77.41995999968013,37.46575700001672],[-77.41996999972586,37.46577200028039],[-77.41998300014465,37.46579800011233],[-77.41999400001531,37.465817000340344],[-77.42001199955865,37.465845000142146],[-77.4200350000232,37.465876000266995],[-77.42005099991673,37.46589899973029],[-77.42005900031265,37.46590899964971],[-77.42006699981025,37.46591799993258],[-77.42007699985601,37.465927000214414],[-77.42008899955155,37.465933999799006],[-77.42010199997036,37.465941000095974],[-77.42011500038913,37.46594599969656],[-77.42013700013045,37.465949999662016],[-77.4201610004199,37.465951999644616],[-77.42020200042778,37.465951999644616],[-77.42021999997112,37.46595499997496],[-77.42023599986466,37.465960999922295],[-77.42025099993327,37.46597200018101],[-77.42025599995613,37.46598099974333],[-77.42026000015409,37.46599199999905],[-77.42026099997902,37.466001999906084],[-77.42026000015409,37.46601300015876],[-77.42025599995613,37.4660509997876],[-77.42025500013122,37.46606200003308],[-77.42025500013122,37.46607900021478],[-77.42025599995613,37.46609700002548],[-77.42025799960595,37.46611299985359],[-77.42026099997902,37.466126999700336],[-77.42027000019985,37.466159999685324],[-77.42027500022272,37.46618499975069],[-77.42027900042066,37.46620599985614],[-77.4202829997203,37.46624200012505],[-77.42028600009337,37.466261999870866],[-77.42029299976608,37.4662860002718],[-77.42030700000977,37.4663299996796],[-77.4203160002306,37.46636100031635],[-77.42032899975106,37.46639600016877],[-77.42033299994903,37.4664119999329],[-77.42033899979683,37.46644000022483],[-77.42034399981968,37.46647500004028],[-77.42034800001764,37.466496000064325],[-77.42034999966745,37.46650500027651],[-77.4203510003907,37.46651500011488],[-77.4203520002156,37.46652600029208],[-77.4203520002156,37.4665360001277],[-77.4203510003907,37.46656199969394],[-77.4203510003907,37.46658599999853],[-77.42035300004052,37.46659999975673],[-77.42035800006339,37.46664599965682],[-77.42036200026135,37.46668899994083],[-77.420365999561,37.466717000129],[-77.42036899993404,37.466736000123454],[-77.4203799998047,37.46678199993985],[-77.42038300017775,37.46679800033433],[-77.42039300022348,37.466859000158145],[-77.42039499987331,37.46687899973888],[-77.42039599969821,37.46689300015524],[-77.42039599969821,37.466906000233884],[-77.42039499987331,37.46694600007788],[-77.42039599969821,37.466965000014135],[-77.42039700042145,37.466976999746194],[-77.4204009997211,37.46700000029679],[-77.42040400009414,37.46703200027606],[-77.42040699956887,37.46706600019448],[-77.42041199959175,37.46709099995681],[-77.4204169996146,37.46710400000109],[-77.42042400018562,37.467117000043054],[-77.42044699975185,37.467145000070985],[-77.42046099999554,37.4671639999566],[-77.42047900043721,37.46719399991635],[-77.42050200000342,37.467229000091805],[-77.420513999699,37.467249000286564],[-77.42053399979048,37.467283999723264],[-77.42055100040724,37.46731100007199],[-77.42057800017142,37.46734899975407],[-77.42058700039223,37.46736500002725],[-77.42059200041511,37.46737999996828],[-77.42060400011067,37.467407000282336],[-77.42060999995846,37.467424000158196],[-77.42061400015643,37.46743999970227],[-77.4206180003544,37.46746500005259],[-77.4206269996769,37.46749499989149],[-77.42063500007283,37.4675150000151],[-77.42064000009569,37.46752699965888],[-77.42065000014142,37.467546000160475],[-77.4206550001643,37.46755999973885],[-77.42066299966191,37.46758399972309],[-77.42067100005782,37.46760799969958],[-77.42067299970765,37.46761800010341],[-77.42067899955543,37.46764000013159],[-77.42068100010358,37.467649000206066],[-77.42068699995136,37.467680000295815],[-77.42068899960118,37.46769300023766],[-77.42069100014932,37.46770699978857],[-77.42069199997422,37.467719000114535],[-77.42069299979914,37.46774499998236],[-77.42069399962405,37.46775499965485],[-77.4206960001722,37.46776800029662],[-77.42070100019507,37.46779000028066],[-77.42070299984488,37.4678050001364],[-77.42070500039303,37.46782999965166],[-77.42070799986776,37.46785200033041],[-77.42070899969266,37.46786199998865],[-77.42070899969266,37.467880999692035],[-77.42070700004284,37.46790900014682],[-77.42070700004284,37.46792599990847],[-77.42070600021795,37.46794399998751],[-77.42070700004284,37.467956999883405],[-77.42070600021795,37.46798299966846],[-77.42070700004284,37.46800299966151],[-77.4206960001722,37.4680169998673],[-77.42066900040801,37.46802500028934],[-77.42064900031653,37.46802399996927],[-77.42058900004207,37.468007000229846],[-77.42052200009492,37.4679740003472],[-77.42042800038358,37.467945999916765],[-77.4203520002156,37.46792599990847],[-77.42027799969745,37.4679270002299],[-77.42025500013122,37.46793100008931],[-77.4201610004199,37.46794700023788],[-77.42025699978106,37.46797899981183],[-77.42029699996402,37.46798700023787],[-77.42034899984256,37.468003999981846],[-77.42039499987331,37.46802500028934],[-77.4204300000334,37.46804399995135],[-77.42047600006416,37.46806200000192],[-77.42054999968401,37.468090999995084],[-77.42058999986698,37.4681010003343],[-77.42065299961618,37.46811299988402],[-77.42068399957832,37.46812799967496],[-77.42070299984488,37.468159000279115],[-77.4207100004159,37.468195000320556],[-77.42071200006572,37.46824600011192],[-77.42072299993637,37.46827199979646],[-77.42073700018008,37.468321999932215],[-77.42077200034016,37.46837399995237],[-77.420809999975,37.46840200022244],[-77.42089500036383,37.46844199997898],[-77.4209360003717,37.468465999680014],[-77.42096300013588,37.46848899977249],[-77.42097599965636,37.468493999915616],[-77.42101800038746,37.468509999943734],[-77.42103799958062,37.46851800031295],[-77.4210490003496,37.46852499965502],[-77.42106600006804,37.46853800016286],[-77.42107899958852,37.46855600009449],[-77.42108500033461,37.46857000019677],[-77.42108799980934,37.46858400029644],[-77.4210920000073,37.468604000128636],[-77.42109299983223,37.46861399968628],[-77.4210920000073,37.46862300035649],[-77.42108899963426,37.46863800004509],[-77.42108199996157,37.468652999730686],[-77.42107199991582,37.46866800012626],[-77.42106199987009,37.46867899998666],[-77.42105000017452,37.46868999984544],[-77.4210280004332,37.46870999964928],[-77.42101300036458,37.46872399972272],[-77.42100400014377,37.46873799979355],[-77.4209999999458,37.46875399976938],[-77.4209999999458,37.4687640000199],[-77.42100199959563,37.4687729999591],[-77.42101099981645,37.468804000295734],[-77.42102199968711,37.46885700028954],[-77.42102500006017,37.46887000002667],[-77.42102900025813,37.4688859999743],[-77.42104099995369,37.46892199966563],[-77.42105199982434,37.4689510000381],[-77.42105699984721,37.46897000017776],[-77.42106000022025,37.46898999990674],[-77.42106100004519,37.46901600004545],[-77.42106299969501,37.469047000281364],[-77.42106799971786,37.46908699969271],[-77.42107500028888,37.46916699987725],[-77.4210839996114,37.46921300033671],[-77.42108899963426,37.46925200006864],[-77.42109500038035,37.469286999993486],[-77.42109700003019,37.46930799994056],[-77.42110000040323,37.46933900005537],[-77.42110100022813,37.469356000204826],[-77.42110500042611,37.46938400010712],[-77.42110799990084,37.469411999998876],[-77.42111000044898,37.469422999749796],[-77.42111299992371,37.46944399965866],[-77.42111499957353,37.469465999862386],[-77.42111299992371,37.46948899964719],[-77.42111000044898,37.46950799965004],[-77.42110200005305,37.469550000127086],[-77.42110000040323,37.46956299974374],[-77.42110000040323,37.46957299988603],[-77.42110000040323,37.469583000027],[-77.42110399970288,37.469600999707005],[-77.42111000044898,37.46962200027884],[-77.42111299992371,37.46963600018148],[-77.42111499957353,37.469650000081494],[-77.4211189997715,37.46967799987361],[-77.42112299996944,37.46970000000848],[-77.42112899981724,37.469718999957756],[-77.42113499966501,37.469734000139425],[-77.42114100041111,37.469744000258835],[-77.42114999973363,37.469756999841714],[-77.4211609996043,37.469770000135355],[-77.42117700039613,37.4697859998903],[-77.42118499989373,37.469792999826566],[-77.4212040001603,37.469806999697184],[-77.42121199965791,37.469814000344456],[-77.4212240002518,37.469825000036224],[-77.42123400029753,37.46983700002218],[-77.42124799964292,37.46985599993658],[-77.42125400038903,37.46986600003974],[-77.42126000023681,37.469879999896634],[-77.42126299971153,37.469893000168824],[-77.42126299971153,37.46990599972584],[-77.4212610000617,37.46992200016466],[-77.42125199984088,37.4699589996513],[-77.42125100001597,37.46997300020375],[-77.4212529996658,37.46998700004065],[-77.42125500021393,37.46999900000061],[-77.42126199988662,37.470019999747656],[-77.42126600008459,37.47003600016207],[-77.42127199993236,37.47006199993701],[-77.42127600013032,37.470073999884924],[-77.4212889996508,37.4701079998457],[-77.42129200002384,37.47011799991509],[-77.42129299984876,37.47013499988743],[-77.42129299984876,37.4701600000494],[-77.42129500039691,37.470175999720915],[-77.42129799987164,37.47019299968001],[-77.42130700009245,37.47022499971843],[-77.42131299994024,37.47025499987568],[-77.42131999961295,37.4703019999552],[-77.4213239998109,37.47031599973048],[-77.42135300012322,37.47042699968923],[-77.4213659996437,37.47048699982949],[-77.42137599968945,37.470533999763184],[-77.42137999988739,37.4705489997813],[-77.42138900010823,37.47057399980479],[-77.42139400013112,37.470586999956296],[-77.42139900015397,37.47060500010751],[-77.4214019996287,37.4706230002544],[-77.4214019996287,37.47063699996956],[-77.42139999997889,37.470655000108735],[-77.42139699960583,37.47066800024615],[-77.42138900010823,37.47068899980525],[-77.42137800023757,37.47071100035553],[-77.4213720003898,37.47072600033814],[-77.4213659996437,37.47074899973525],[-77.42136200034406,37.4707669998474],[-77.42136200034406,37.47077899968213],[-77.42136700036693,37.470818000022945],[-77.42136900001675,37.47084199967412],[-77.4213720003898,37.47086200032819],[-77.42137800023757,37.47089599993054],[-77.42137900006249,37.47091899998827],[-77.42137800023757,37.47093599977844],[-77.4213740000396,37.470951999996785],[-77.42137099966656,37.470963999801825],[-77.42135999979591,37.47099100024733],[-77.42135499977304,37.471004999893566],[-77.42135200029831,37.47101999981717],[-77.42135099957508,37.47103600001754],[-77.42135200029831,37.47106500028284],[-77.42135399994814,37.47108300031894],[-77.42135700032118,37.471093000257895],[-77.42136099962082,37.47110300019557],[-77.42136900001675,37.47111699982077],[-77.42138200043554,37.47113600012279],[-77.42139400013112,37.471149999741876],[-77.42140699965158,37.4711629997932],[-77.42142000007037,37.471175000277334],[-77.42143199976594,37.471185000203974],[-77.4214500002076,37.471195999694],[-77.42146100007827,37.471200999656105],[-77.4214789996216,37.47120699989536],[-77.42152300000252,37.47121999993677],[-77.4215559996145,37.47122900029319],[-77.42157900007903,37.47123699965849],[-77.42159599979747,37.47124400017184],[-77.421611999691,37.47125499965313],[-77.42162500010978,37.471265999845805],[-77.42163799963025,37.47128399983352],[-77.42164100000332,37.471296000298224],[-77.42164199982824,37.471306999771855],[-77.42164100000332,37.471321000071875],[-77.42163699980536,37.47135000022661],[-77.42163500015552,37.471381000207494],[-77.42163500015552,37.47142399990676],[-77.4216329996074,37.47145100018604],[-77.42162900030775,37.47150999994395],[-77.42162900030775,37.471540999858476],[-77.42163099995757,37.47158100007418],[-77.42163199978248,37.47160099981749],[-77.42163599998042,37.47162699976105],[-77.42163900035348,37.471642000272745],[-77.42165100004905,37.47168499982182],[-77.42165500024701,37.47170500025032],[-77.42165600007192,37.471718000205115],[-77.42165799972175,37.471750000303594],[-77.4216610000948,37.47177499992545],[-77.42166600011767,37.47180399990404],[-77.42167000031561,37.47183200031523],[-77.4216750003385,37.47189099977235],[-77.42167899963815,37.47194199989394],[-77.42168000036138,37.471968999986125],[-77.42167899963815,37.472018000234186],[-77.42167899963815,37.4720329999545],[-77.4216820000112,37.47206900026914],[-77.42168600020916,37.47209999995182],[-77.42168799985897,37.472126999986976],[-77.42168700003407,37.472138000051274],[-77.4216820000112,37.47216300025627],[-77.42167799981323,37.472181000027966],[-77.4216760001634,37.472204999954464],[-77.4216750003385,37.47223099968787],[-77.42168000036138,37.47230000003342],[-77.42168500038424,37.47233900029358],[-77.42170200010267,37.4723889998478],[-77.42173600043787,37.47244899983906],[-77.42175599963103,37.47248300014545],[-77.42177499989761,37.47251499991647],[-77.42178199957031,37.47252599992367],[-77.42178599976828,37.47253800018897],[-77.42179400016418,37.47257499980659],[-77.42179900018706,37.47259199993304],[-77.42181599990549,37.47264000022735],[-77.42182199975328,37.47266400000642],[-77.42182400030141,37.47267800005226],[-77.42182400030141,37.47269099983782],[-77.42182299957818,37.47270400033409],[-77.42182000010345,37.47271599985786],[-77.42181400025568,37.47272900034977],[-77.42180699968466,37.472742999670494],[-77.42179099979114,37.47276799967314],[-77.42178499994336,37.47277900035604],[-77.42178199957031,37.472787999811786],[-77.42177900009555,37.47280100029118],[-77.42177700044574,37.47281799965332],[-77.42177499989761,37.47284999999381],[-77.4217740000727,37.472904999767266],[-77.42177200042289,37.47294000012052],[-77.42177099969965,37.47297400020351],[-77.42177200042289,37.4729919997799],[-77.42177800027066,37.473050999747265],[-77.4217809997454,37.47306400018091],[-77.42178400011844,37.473075000107364],[-77.42179599981401,37.47312000004877],[-77.42179900018706,37.47313899984163],[-77.42180199966178,37.47316300017347],[-77.42180400020992,37.47318099970435],[-77.42180400020992,37.47319200032648],[-77.42180300038503,37.473232999909],[-77.42180400020992,37.47326699985876],[-77.42180400020992,37.473291999686126],[-77.42180300038503,37.47330099979305],[-77.42180199966178,37.47331100014821],[-77.42179900018706,37.47332500007281],[-77.42179199961605,37.47335400016297],[-77.42178699959317,37.47338399977732],[-77.42178499994336,37.47340099971981],[-77.42178400011844,37.47342099968909],[-77.42178599976828,37.47344900020747],[-77.42179099979114,37.47347800024951],[-77.4217949999891,37.47349800019818],[-77.42180199966178,37.47351899967514],[-77.42181199970753,37.47353800007952],[-77.42182699977614,37.47356599984113],[-77.42184199984476,37.473591000281424],[-77.42184900041578,37.47360500015358],[-77.42185299971543,37.47361799977792],[-77.42185400043864,37.47362699984559],[-77.42185500026355,37.47364099971106],[-77.42185299971543,37.473660000084415],[-77.42184799969255,37.47368600002464],[-77.4218460000427,37.47369900034782],[-77.42184500021781,37.47371699974962],[-77.4218460000427,37.473728000292866],[-77.42185000024067,37.473765000034334],[-77.42185299971543,37.47378799992218],[-77.42185400043864,37.473813000288224],[-77.42185400043864,37.47384800021628],[-77.4218519998905,37.4738720003204],[-77.42184900041578,37.47390199972683],[-77.42185000024067,37.47391600025369],[-77.4218519998905,37.473951000133496],[-77.42185100006559,37.47396699970649],[-77.4218460000427,37.47399999979514],[-77.42184299966968,37.47404300012644],[-77.42184000019493,37.47405699991399],[-77.42183099997412,37.47408299971611],[-77.42182500012632,37.474098999973734],[-77.42181799955533,37.47411699999214],[-77.42180099983688,37.474154999779074],[-77.4217949999891,37.47416900025852],[-77.42179199961605,37.47418199978477],[-77.42179099979114,37.47419600025916],[-77.42179199961605,37.47420899978075],[-77.42179400016418,37.47422200001298],[-77.42180099983688,37.474256000225715],[-77.42180400020992,37.474283999718345],[-77.42180699968466,37.47432099989751],[-77.42180800040789,37.47433299987461],[-77.42180800040789,37.474344000327186],[-77.42180800040789,37.47435399982986],[-77.42180699968466,37.47438000024159],[-77.42180500003484,37.47439299973113],[-77.42180300038503,37.47440899992239],[-77.4217949999891,37.47444199981594],[-77.42179400016418,37.47445300025247],[-77.42179199961605,37.474480000150514],[-77.42179400016418,37.47452399972586],[-77.42179599981401,37.4745549998162],[-77.42179599981401,37.47457899969334],[-77.42179300033928,37.47463400033324],[-77.42179099979114,37.474704000116894],[-77.42178999996622,37.47474899979049],[-77.42179199961605,37.47478699996898],[-77.42179400016418,37.47486500001226],[-77.4217949999891,37.47487899964578],[-77.42180000001197,37.47490099967572],[-77.4218090002328,37.474929999867285],[-77.42181799955533,37.47496699972659],[-77.42183099997412,37.47503699991134],[-77.42184000019493,37.47508800002502],[-77.42184199984476,37.47511400018141],[-77.42184199984476,37.47513000021831],[-77.42184100001985,37.47515599964716],[-77.4218379996468,37.4751750003483],[-77.42183400034716,37.47520399972062],[-77.4218290003243,37.47523200028395],[-77.42182500012632,37.47525700016692],[-77.42182199975328,37.475270999727066],[-77.42181400025568,37.47530399995288],[-77.42180300038503,37.47534300007135],[-77.42180000001197,37.47536200001202],[-77.42179900018706,37.47537600026538],[-77.42180199966178,37.475395999706144],[-77.42180599985974,37.47541500034627],[-77.42181400025568,37.47544199989683],[-77.42181500008057,37.47545199996552],[-77.42181400025568,37.4754630002534],[-77.42181199970753,37.47547399982672],[-77.42180599985974,37.475492999734094],[-77.42180199966178,37.47551400007637],[-77.42180000001197,37.475538999865066],[-77.42179599981401,37.4755630001391],[-77.42179199961605,37.47558300024275],[-77.4217880003164,37.47560099990375],[-77.42177499989761,37.47564400002684],[-77.42177200042289,37.47565500028646],[-77.42176999987474,37.475665999831584],[-77.42176800022493,37.475680000027985],[-77.42176700040001,37.47573400035361],[-77.42176300020205,37.4757899996468],[-77.42175999982899,37.47580900018674],[-77.42175900000409,37.47582200014065],[-77.42175900000409,37.475832999661144],[-77.42176200037713,37.47584999975946],[-77.42176599967677,37.475872000216484],[-77.42176700040001,37.47588100001272],[-77.42176800022493,37.475892999739294],[-77.42176800022493,37.47590599967859],[-77.42176599967677,37.47592200025886],[-77.42176400002695,37.47593900033694],[-77.42176099965391,37.47595299976933],[-77.42175599963103,37.47597500019597],[-77.4217530001563,37.4759980001167],[-77.42175200033138,37.47600800011098],[-77.42175200033138,37.476018000103934],[-77.42175399998122,37.47602999980852],[-77.42175599963103,37.476041000011364],[-77.42176300020205,37.47606699983621],[-77.42176700040001,37.47609099994068],[-77.42176800022493,37.47610099992253],[-77.42176599967677,37.47611600024928],[-77.42176099965391,37.47612600022779],[-77.42174999978326,37.47614900010198],[-77.42174800013342,37.47615799986485],[-77.42174899995835,37.476176000100224],[-77.42175399998122,37.47620400029933],[-77.42175399998122,37.47621400026611],[-77.4217530001563,37.476231999775074],[-77.42174800013342,37.47628100007996],[-77.42174399993546,37.47629500016115],[-77.42173700026277,37.4763139998598],[-77.42173300006482,37.47632900014379],[-77.42172999969178,37.47635000025111],[-77.4217249996689,37.47639100024001],[-77.42172399984399,37.476405000300595],[-77.42172600039214,37.4764220002688],[-77.42173399988972,37.47646900003497],[-77.42173700026277,37.47649599991767],[-77.42173700026277,37.476522000297074],[-77.42173499971463,37.47654200014414],[-77.42172999969178,37.47656099977994],[-77.42172300001907,37.476580000123874],[-77.42170999960028,37.47660999986911],[-77.42170499957743,37.476619999781505],[-77.42168600020916,37.476667000136125],[-77.42166500029276,37.47671699964661],[-77.42165600007192,37.47673899984835],[-77.42165100004905,37.476754000047045],[-77.42164900039923,37.476765000143274],[-77.42164799967601,37.47677600023794],[-77.42164900039923,37.47680700010703],[-77.42165100004905,37.47684399974998],[-77.42165100004905,37.47686899980669],[-77.42165299969886,37.476903000241045],[-77.42165400042211,37.47691400031534],[-77.42165299969886,37.476922999986094],[-77.42164900039923,37.476938000147854],[-77.42164100000332,37.476960999772146],[-77.42163799963025,37.47697499972595],[-77.42163699980536,37.47699100007735],[-77.42163599998042,37.477042000283376],[-77.42163799963025,37.47706000030582],[-77.42164100000332,37.47707099964415],[-77.42164600002619,37.47709100005716],[-77.42164799967601,37.47710499998661],[-77.42165000022415,37.47711499983277],[-77.42164900039923,37.477135000234],[-77.42164699985109,37.47714500007615],[-77.42164400037636,37.477153999719086],[-77.42163599998042,37.477182000264676],[-77.4216329996074,37.47719799985884],[-77.42163099995757,37.477211999768244],[-77.42163000013265,37.47722100011602],[-77.42163099995757,37.477233999824314],[-77.4216340003306,37.47727299964852],[-77.42163599998042,37.477291999811435],[-77.42163900035348,37.47731299964814],[-77.42164400037636,37.47733299999638],[-77.42165299969886,37.477363000152245],[-77.42165600007192,37.47737199976893],[-77.42165699989683,37.47738299977419],[-77.42165600007192,37.4773949999725],[-77.42165400042211,37.47740599997444],[-77.42164900039923,37.47741699997469],[-77.42164199982824,37.477426000297775],[-77.4216400001784,37.477436000100994],[-77.42164100000332,37.4774480002908],[-77.42164400037636,37.47745800009106],[-77.42165000022415,37.47747000027738],[-77.42165400042211,37.47748700000332],[-77.42165500024701,37.477507000304996],[-77.42165000022415,37.477521000156514],[-77.4216400001784,37.477533999812614],[-77.42162500010978,37.477543000121614],[-77.42161300041421,37.47754799965907],[-77.42158900012477,37.477552999909165],[-77.42156900003329,37.47755500029423],[-77.42155700033771,37.47755800015887],[-77.42154200026911,37.477566999752064],[-77.42153499969811,37.47757499986479],[-77.42153100039846,37.477584999648116],[-77.42152999967523,37.47759600033494],[-77.42153399987319,37.47761199984047],[-77.42153399987319,37.477622000331635],[-77.4215280000254,37.47763399977872],[-77.4215149996066,37.47764800031936],[-77.4215060002841,37.47765900028405],[-77.42149799988817,37.47767199991615],[-77.42149000039056,37.47768199968644],[-77.42147600014687,37.47769900007706],[-77.421471000124,37.47771000003419],[-77.421471000124,37.47772399984768],[-77.42147799979669,37.4777450002759],[-77.42148399964447,37.4777640003188],[-77.42149000039056,37.47777800012218],[-77.42150200008614,37.47779400030164],[-77.42150700010902,37.4778080000994],[-77.42150299991106,37.47782000022952],[-77.4214870000175,37.47783699987584],[-77.42147500032196,37.47784499995966],[-77.42145199985741,37.477858000272306],[-77.42144099998676,37.477869000206034],[-77.4214359999639,37.47788000013819],[-77.42143400031408,37.47789500010781],[-77.4214359999639,37.47790399966042],[-77.42144299963658,37.477919000338126],[-77.42145400040555,37.477927999887854],[-77.4214700002991,37.47793099973752],[-77.42148799984243,37.477927999887854],[-77.42151799997967,37.477919000338126],[-77.42152999967523,37.477918000150474],[-77.42154499974384,37.4779229996629],[-77.42155399996467,37.47793400029997],[-77.42155700033771,37.47794599969689],[-77.42155499978958,37.47796099965331],[-77.42155099959162,37.47797100009784],[-77.42154300009402,37.47798200001493],[-77.42153600042131,37.477991999743736],[-77.42152200017762,37.47800699969093],[-77.42151399978171,37.478019999975345],[-77.42150899975883,37.478029999699075],[-77.42150100026123,37.47805200022722],[-77.42149399969021,37.47806899982077],[-77.4214870000175,37.478082000094446],[-77.42147299977381,37.478106999736944],[-77.42146899957585,37.47811700016193],[-77.42146399955298,37.47813600011025],[-77.42146500027621,37.47815399986919],[-77.421471000124,37.478168999783854],[-77.42148199999465,37.47818200004015],[-77.42149700006327,37.47819699994914],[-77.42150499956087,37.47820699964918],[-77.42150700010902,37.478218000244446],[-77.42150200008614,37.47823000030872],[-77.42149200004039,37.478238000350466],[-77.42147600014687,37.47824599967851],[-77.4214490003827,37.47825600008489],[-77.42143799961372,37.47826199975772],[-77.42142599991817,37.4782760001807],[-77.42142500009325,37.47828899970546],[-77.42143000011613,37.478308000322954],[-77.4214369997888,37.47832200002441],[-77.42145299968234,37.47834899995048],[-77.42145100003252,37.47836699965818],[-77.42144500018473,37.47837499968525],[-77.42143000011613,37.47838500007437],[-77.42141099984954,37.47839599993053],[-77.42139699960583,37.47840600031684],[-77.4213930003062,37.47841499980792],[-77.4213930003062,37.478425000191685],[-77.42139800032906,37.4784400000519],[-77.42141000002462,37.478461000278905],[-77.42141599987241,37.478477999779415],[-77.42141699969733,37.478488000154755],[-77.42141599987241,37.47850000017567],[-77.42141400022258,37.478527000037424],[-77.42141400022258,37.47854300005653],[-77.42141699969733,37.478556999713966],[-77.42142000007037,37.478567000078726],[-77.42142400026833,37.47857799990809],[-77.42143299959085,37.47859399991627],[-77.42144199981168,37.47860400027603],[-77.42145400040555,37.47861200027779],[-77.42146500027621,37.47861699974374],[-77.42148899966735,37.4786259999223],[-77.42150100026123,37.478632000278374],[-77.42151700015475,37.47864400027611],[-77.42152499965235,37.47865399991635],[-77.42152899985031,37.47866300009044],[-77.42153300004829,37.478675000083214],[-77.42153200022335,37.478689999893305],[-77.42152499965235,37.4787040002361],[-77.42151299995679,37.47871500004529],[-77.4214989997131,37.47872400021205],[-77.42147699997177,37.47873600019502],[-77.42146399955298,37.47874499964635],[-77.42145299968234,37.47875300034586],[-77.42142599991817,37.478774999948264],[-77.42140800037481,37.47878900027512],[-77.42139499995601,37.47880000007181],[-77.42138400008537,37.47881499985681],[-77.42137900006249,37.478826999825166],[-77.42137800023757,37.47883599997844],[-77.42137700041266,37.47885499974395],[-77.4213740000396,37.47887599985434],[-77.42136800019183,37.47889800013337],[-77.42136499981879,37.47891000008845],[-77.4213659996437,37.47893100018338],[-77.42136900001675,37.478941999959154],[-77.42137900006249,37.47895699971565],[-77.42138999993315,37.47896700002684],[-77.42141599987241,37.478986999932395],[-77.42142400026833,37.4789960000664],[-77.42143400031408,37.47901300015809],[-77.4214369997888,37.47902799990028],[-77.42143400031408,37.47904300035241],[-77.42142699974306,37.47905599974375],[-77.4214150000475,37.47906799967341],[-77.42140400017685,37.47907600033833],[-77.42137800023757,37.479092999698985],[-77.4213659996437,37.479102999991966],[-77.42135899997099,37.479114999914124],[-77.42135899997099,37.47912900017729],[-77.42136200034406,37.479138000294185],[-77.42136900001675,37.47915300001129],[-77.4213740000396,37.479164999925416],[-77.42137700041266,37.4791830001494],[-77.42137800023757,37.47919799985747],[-77.42137999988739,37.479213000275465],[-77.42138499991027,37.47922600035007],[-77.42139099975805,37.47923800025248],[-77.42141000002462,37.47926899981316],[-77.4214150000475,37.479280000252075],[-77.42141699969733,37.47928900035079],[-77.42141699969733,37.479310000339204],[-77.42141599987241,37.47933000015296],[-77.4214150000475,37.479359000051595],[-77.42141300039768,37.479390000274975],[-77.42141300039768,37.479404999941536],[-77.4214150000475,37.47943299964369],[-77.4214150000475,37.47944400005847],[-77.42141300039768,37.47945999988122],[-77.42140800037481,37.47947500024657],[-77.42139499995601,37.479505999708934],[-77.42138999993315,37.47952399985077],[-77.42138099971231,37.47955799979005],[-77.42137599968945,37.479570000352034],[-77.42136499981879,37.479594000044386],[-77.42136099962082,37.479607000052766],[-77.42135899997099,37.479621000223744],[-77.42135899997099,37.47964399973512],[-77.42136099962082,37.47969000016251],[-77.42136300016898,37.47970599993254],[-77.42136700036693,37.47971799975787],[-77.4213720003898,37.47973099974467],[-77.42138400008537,37.47975100015858],[-77.42139099975805,37.479765999752686],[-77.42139400013112,37.47978200021933],[-77.42139099975805,37.479796999807206],[-77.42138300026045,37.47981799965287],[-77.42138099971231,37.479834000108376],[-77.42138300026045,37.47984800023688],[-77.42139199958297,37.47986299981146],[-77.4214009998038,37.47987099967838],[-77.42141099984954,37.47987800009592],[-77.42142699974306,37.4798870001226],[-77.4214569998803,37.47990100024112],[-77.42148199999465,37.479914999644144],[-77.42149100021548,37.47992300021838],[-77.42150200008614,37.47993700033017],[-77.42150499956087,37.479949000118395],[-77.42150200008614,37.479959999744324],[-77.42149200004039,37.47996899976113],[-77.4214789996216,37.479975000009304],[-77.4214579997052,37.479981000257055],[-77.4214369997888,37.47998699979144],[-77.42141400022258,37.47999699996483],[-77.4214009998038,37.48000700013689],[-77.4213930003062,37.48002100023293],[-77.42138800028332,37.48003699993208],[-77.4213869995601,37.480051000022506],[-77.42138900010823,37.48007599971921],[-77.42139400013112,37.48010399988282],[-77.4214009998038,37.48013200003593],[-77.42140500000177,37.48015399994518],[-77.42140599982666,37.48016900017121],[-77.42140599982666,37.4801809999222],[-77.42140300035194,37.480194999985635],[-77.42139800032906,37.48020900004645],[-77.42139199958297,37.48022199994784],[-77.42138400008537,37.48023399969024],[-77.42136999984164,37.48024899990027],[-77.4213580001461,37.48025699972587],[-77.42134300007747,37.48026299995097],[-77.42132800000886,37.48026699986313],[-77.42129700004672,37.48027699999905],[-77.42127500030541,37.480288000289576],[-77.42126699990949,37.48029499995516],[-77.42125799968866,37.48031100030853],[-77.42125500021393,37.480326999945646],[-77.42125500021393,37.480338999671254],[-77.42125799968866,37.480371000355774],[-77.42126000023681,37.48040100000484],[-77.42126000023681,37.48043699985303],[-77.4212610000617,37.48046200013342],[-77.42126199988662,37.480473999837294],[-77.42126400043476,37.48048699969257],[-77.42126500025967,37.4804959996459],[-77.42126899955932,37.48050999965032],[-77.42127299975728,37.48052300021216],[-77.42128299980303,37.48055500010506],[-77.42128799982589,37.48056699979399],[-77.4213029998945,37.48059499977361],[-77.42130799991737,37.480606000017325],[-77.42130999956721,37.48061700025942],[-77.42131399976516,37.480642999917954],[-77.42131700013822,37.48065400015461],[-77.42132100033618,37.48066400023873],[-77.4213370002297,37.480688000292595],[-77.42134300007747,37.48069999996017],[-77.42134800010035,37.480716999664196],[-77.42134700027543,37.48072699973989],[-77.42134499972731,37.48073799996417],[-77.42133999970443,37.48074699988727],[-77.42133200020682,37.480756999958906],[-77.42131100029042,37.4807830002816],[-77.42130399971941,37.48079700023225],[-77.42130100024468,37.48080600014819],[-77.42129799987164,37.480826000274426],[-77.42129100019895,37.48084400009829],[-77.42128000032828,37.48086400021435],[-77.42127600013032,37.480874999705584],[-77.42127299975728,37.480884999760136],[-77.42126799973441,37.4809060000129],[-77.42126400043476,37.48091899979302],[-77.42125199984088,37.48095199966333],[-77.4212400001453,37.48098599966573],[-77.42123400029753,37.48101300005498],[-77.4212319997494,37.481026999962545],[-77.4212319997494,37.48104300015916],[-77.42123500012245,37.4810680002368],[-77.42123699977228,37.4810880002929],[-77.42124199979514,37.48111100006561],[-77.42124699981801,37.481127999676126],[-77.4212529996658,37.4811410001305],[-77.4212610000617,37.481153999869726],[-77.42126699990949,37.481162000311315],[-77.42129500039691,37.48119200035567],[-77.42131499959007,37.48120899994776],[-77.42132899983378,37.48121500009642],[-77.42134999975018,37.48121600023994],[-77.42137300021471,37.48121199966572],[-77.42139199958297,37.481210000091416],[-77.42140599982666,37.481210000091416],[-77.42142000007037,37.481210000091416],[-77.42143500013898,37.48121299980928],[-77.42144799965946,37.481216999670636],[-77.42146000025333,37.4812229998186],[-77.421471000124,37.48123000010946],[-77.42148299981955,37.48124500011949],[-77.42148600019262,37.48125799984064],[-77.4214789996216,37.481271000272386],[-77.421471000124,37.48127899998857],[-77.42146000025333,37.481286000274196],[-77.42144400035981,37.481293999988765],[-77.42142099989529,37.48130100027298],[-77.42138999993315,37.48130799984367],[-77.42137599968945,37.481312999842174],[-77.42136099962082,37.481323999980184],[-77.42135599959795,37.48133299983269],[-77.42135200029831,37.481341999684076],[-77.42134700027543,37.481361000238095],[-77.42134100042766,37.48137500008044],[-77.4213370002297,37.48138399992681],[-77.42133100038191,37.48139200034377],[-77.42130799991737,37.48141799973264],[-77.4212889996508,37.48144100011664],[-77.4212739995822,37.481457999652086],[-77.42125500021393,37.48148200016378],[-77.42124099997024,37.48150599995491],[-77.42123900032041,37.48152499975435],[-77.4212400001453,37.48153599986115],[-77.42124400034326,37.48155199994884],[-77.42124799964292,37.48156699989423],[-77.42125600003885,37.48158400011387],[-77.42127199993236,37.48161000014874],[-77.42127500030541,37.48162500008249],[-77.42127199993236,37.48164000001323],[-77.42126400043476,37.4816499999654],[-77.42124900036615,37.48166300032894],[-77.42124099997024,37.48166999986572],[-77.42123400029753,37.48167800025205],[-77.42122799955143,37.48168900033633],[-77.4212240002518,37.481700999843206],[-77.42122300042688,37.48171099978716],[-77.42122300042688,37.48172099972982],[-77.42122500007669,37.48173199980777],[-77.4212319997494,37.48175000012625],[-77.42123900032041,37.481761000199924],[-77.4212590004119,37.48178399976553],[-77.42127899960506,37.4818090003081],[-77.4212889996508,37.481825000337274],[-77.42129399967367,37.48183500026469],[-77.42129600022183,37.481850000153315],[-77.42129399967367,37.48186299976915],[-77.42129100019895,37.48187200026961],[-77.4212810001532,37.48189200011045],[-77.42127899960506,37.481900999894556],[-77.42127799978016,37.48191699990403],[-77.42127899960506,37.48193299991012],[-77.42128299980303,37.48197599995402],[-77.4212819999781,37.481990999814286],[-77.42127500030541,37.48201899997315],[-77.42127000028255,37.48204700012153],[-77.42126600008459,37.482063000099735],[-77.42125600003885,37.482086000285236],[-77.4212529996658,37.48209700030945],[-77.42125100001597,37.48210899975075],[-77.42125100001597,37.482123000165814],[-77.42125500021393,37.48214500020172],[-77.42126000023681,37.48215899989718],[-77.42126899955932,37.48217499985146],[-77.42127899960506,37.48218999967178],[-77.4212889996508,37.482211999687955],[-77.42129100019895,37.482229999890805],[-77.42128799982589,37.482244999700136],[-77.42128399962793,37.48225400015453],[-77.42127799978016,37.48226400002452],[-77.42126500025967,37.48228499988971],[-77.4212590004119,37.48230099981695],[-77.4212590004119,37.48231099968066],[-77.4212610000617,37.48232100025588],[-77.42126799973441,37.4823509998349],[-77.42127299975728,37.4823799999868],[-77.42127600013032,37.48239300022334],[-77.4212819999781,37.48240699987233],[-77.42130000041978,37.48243999979833],[-77.42130500044264,37.48245000035629],[-77.42130999956721,37.482461000326914],[-77.42131200011534,37.48247100016915],[-77.42131299994024,37.48248399967699],[-77.42131499959007,37.48250400006693],[-77.42131999961295,37.482546999782215],[-77.42132100033618,37.4825660000298],[-77.42131899978804,37.482589000060415],[-77.42131200011534,37.482619999656606],[-77.42130500044264,37.48264399979506],[-77.42129200002384,37.48268100011218],[-77.42128399962793,37.482718999821564],[-77.4212810001532,37.482729999752586],[-77.42126699990949,37.482762000125916],[-77.42126000023681,37.48278500009625],[-77.4212590004119,37.48280300016104],[-77.4212610000617,37.48281699973321],[-77.42126899955932,37.48285100031263],[-77.42128600017607,37.48291099974592],[-77.42129200002384,37.482939999680454],[-77.42129399967367,37.48295999994829],[-77.42129600022183,37.48299900034829],[-77.42129799987164,37.48305100013708],[-77.42129700004672,37.4830709996624],[-77.42129399967367,37.4830889996583],[-77.42129000037403,37.483104000007984],[-77.42128000032828,37.48313000022679],[-77.42127699995525,37.48314499985544],[-77.42127699995525,37.483155999723735],[-77.42127899960506,37.48317100005998],[-77.42128700000099,37.48321099975381],[-77.42129600022183,37.48323699993537],[-77.42130000041978,37.48325499989129],[-77.42130500044264,37.483281000057545],[-77.4213089997423,37.48329199990582],[-77.42131499959007,37.48330299975248],[-77.42132499963581,37.483314999712945],[-77.42134899992526,37.483345000318565],[-77.4213580001461,37.483358999789175],[-77.42136200034406,37.48336900022414],[-77.4213659996437,37.48338299969025],[-77.42136700036693,37.48339900009521],[-77.42136300016898,37.48342600032535],[-77.42135899997099,37.48343499992463],[-77.42135200029831,37.48344400023573],[-77.42133600040478,37.483457000287075],[-77.421322999986,37.48347000033621],[-77.42131200011534,37.48349099986245],[-77.42130600026756,37.48351499972106],[-77.4213029998945,37.48352400002253],[-77.42129399967367,37.483538000172445],[-77.42127799978016,37.48355100020744],[-77.42126500025967,37.48356799997567],[-77.42126199988662,37.4835779996698],[-77.42126299971153,37.483589000187145],[-77.42126699990949,37.48361500023723],[-77.42127000028255,37.483628000258825],[-77.42127899960506,37.48364399989852],[-77.42128700000099,37.483654000295274],[-77.42129799987164,37.48366399997789],[-77.4213160003133,37.48367800010159],[-77.42132899983378,37.48369200022265],[-77.42133100038191,37.48370699973843],[-77.4213239998109,37.48371999974401],[-77.4213089997423,37.48373600007686],[-77.42129799987164,37.48374799996778],[-77.4212810001532,37.483769000128724],[-77.42126799973441,37.48378200012352],[-77.42123699977228,37.483806999997554],[-77.42122199970365,37.4838199999858],[-77.42121199965791,37.483832999971725],[-77.42120699963505,37.48384399973874],[-77.42120599981013,37.48385799982869],[-77.42120599981013,37.48388200028232],[-77.42120699963505,37.48389799986758],[-77.4212100000081,37.483913000054834],[-77.42121300038114,37.4839229997028],[-77.4212240002518,37.48394200031331],[-77.4212400001453,37.483962999706876],[-77.42125000019105,37.48397699977454],[-77.42125799968866,37.48399099983953],[-77.42126299971153,37.484002999689544],[-77.42126699990949,37.48401699974971],[-77.42126799973441,37.48403199991308],[-77.42126699990949,37.484048000179065],[-77.42126500025967,37.48406599993958],[-77.4212590004119,37.484088000116216],[-77.42125600003885,37.48410499976221],[-77.42125600003885,37.484116000202015],[-77.42125799968866,37.48412699992737],[-77.4212610000617,37.4841360001551],[-77.4212819999781,37.48418099985166],[-77.42128799982589,37.484193999774824],[-77.42129100019895,37.48420699969567],[-77.42129299984876,37.4842219998209],[-77.42129100019895,37.484233000243485],[-77.42128700000099,37.48424500005458],[-77.42128000032828,37.484254999658106],[-77.42126400043476,37.48427199997899],[-77.42125600003885,37.48428399978383],[-77.42125100001597,37.48429400009497],[-77.42124699981801,37.48430699999842],[-77.42124400034326,37.484316000204466],[-77.42124099997024,37.48433199969678],[-77.42123699977228,37.48435700009962],[-77.42123699977228,37.484373000295996],[-77.42123699977228,37.48438399998351],[-77.4212400001453,37.48439599977035],[-77.42124900036615,37.4844259999419],[-77.42125199984088,37.4844399999228],[-77.42125199984088,37.48445399990108],[-77.42125000019105,37.484484000049335],[-77.42125100001597,37.48449599982011],[-77.42125400038903,37.484508000301815],[-77.42125799968866,37.48451699977081],[-77.42126600008459,37.48452599995151],[-77.42127699995525,37.48453500013118],[-77.42130399971941,37.484551000289436],[-77.42131999961295,37.484561999950735],[-77.42133600040478,37.484574999807606],[-77.42135700032118,37.48459699983436],[-77.42136900001675,37.484610999783165],[-77.42137599968945,37.48462200014847],[-77.42138099971231,37.484631999701534],[-77.42138300026045,37.48464699974143],[-77.42138099971231,37.48465599990652],[-77.42137599968945,37.48466700026515],[-77.42136300016898,37.48468499987654],[-77.42135200029831,37.484697999712004],[-77.42133499968155,37.48471700012542],[-77.42132200016108,37.484734000341135],[-77.42131499959007,37.48474700016808],[-77.4213089997423,37.48476100008883],[-77.42130500044264,37.484775000006955],[-77.42130399971941,37.484786000348066],[-77.42130399971941,37.484818999936145],[-77.4213029998945,37.48482800008051],[-77.42129799987164,37.48484799984294],[-77.42129000037403,37.48486399993417],[-77.4212819999781,37.48487799983299],[-77.42127299975728,37.48488900015899],[-77.42126000023681,37.48490099986472],[-77.42124900036615,37.48491499975661],[-77.42124599999309,37.484927000171005],[-77.42124599999309,37.484938999870685],[-77.42124699981801,37.48495299975541],[-77.4212529996658,37.48498200032303],[-77.42125400038903,37.48499700029265],[-77.42125199984088,37.48501300035197],[-77.42124900036615,37.485026000130354],[-77.42124400034326,37.48503699972172],[-77.42123699977228,37.48504800002431],[-77.42122900027465,37.48505700014104],[-77.42122199970365,37.4850650001647],[-77.42120499998522,37.48508000011766],[-77.42119400011455,37.48509099970108],[-77.42118499989373,37.48510300008725],[-77.42117999987086,37.485113999667284],[-77.42117800022105,37.48512299977606],[-77.42117800022105,37.48513400006598],[-77.42117900004594,37.485155999928125],[-77.42118200041901,37.48517099986282],[-77.42118400006882,37.485179999964735],[-77.42118800026678,37.48518900006562],[-77.42119300028966,37.48519800016536],[-77.42119900013743,37.48520700026402],[-77.42121300038114,37.48522499974531],[-77.42122199970365,37.485239999666156],[-77.42123000009957,37.48525599967347],[-77.42124199979514,37.48528899976674],[-77.4212739995822,37.485371999980174],[-77.4212810001532,37.48539299968464],[-77.42128799982589,37.485422000081456],[-77.42129000037403,37.48543399970159],[-77.4212889996508,37.485443999858795],[-77.42128700000099,37.48545600018822],[-77.4212810001532,37.485467999802886],[-77.42127500030541,37.48547599978254],[-77.42125400038903,37.48549999971639],[-77.4212400001453,37.48552100009765],[-77.42123599994736,37.48553200032897],[-77.42123500012245,37.48554299984584],[-77.42123599994736,37.48556500030038],[-77.42123599994736,37.48558100023804],[-77.4212329995743,37.48559399991755],[-77.42122599990161,37.485605000138115],[-77.42122000005384,37.4856130001031],[-77.42120800035825,37.485625999777085],[-77.42119999996234,37.48563299965543],[-77.42118999991659,37.48564000024595],[-77.42117599967291,37.485647000122924],[-77.42114600043399,37.48565999979101],[-77.4211199995964,37.4856730001696],[-77.42109899968,37.48568200021109],[-77.42106500024313,37.48569200033505],[-77.42104799962638,37.48569800012369],[-77.42102500006017,37.485708000245566],[-77.42100699961848,37.485717999653225],[-77.42099300027311,37.48572899985554],[-77.4209849998772,37.485740000056225],[-77.42098200040245,37.4857490000896],[-77.42098099967924,37.48576299982258],[-77.42098400005227,37.485778000348226],[-77.42099099972498,37.48580300026719],[-77.42099300027311,37.48582199968675],[-77.42099200044818,37.48583700020055],[-77.42098900007515,37.48584700030377],[-77.42098300022737,37.485856999692864],[-77.42097200035671,37.485864000262396],[-77.42094899989219,37.48587000003718],[-77.42091499955698,37.48586899995595],[-77.4209020000365,37.48587200019965],[-77.42088899961772,37.48587799997384],[-77.4208800002952,37.48588499982856],[-77.4208729997242,37.48589499992536],[-77.42087000024947,37.485910999792345],[-77.42087400044743,37.48592600028828],[-77.4208800002952,37.48593899990781],[-77.42088899961772,37.48595000007757],[-77.4209010002116,37.48595900008564],[-77.420922000128,37.48597199969943],[-77.42094399986931,37.48598199978457],[-77.42096599961062,37.48598999970919],[-77.42098900007515,37.485996000186724],[-77.42100699961848,37.48599999979197],[-77.42102699971,37.48600099987144],[-77.42105299964925,37.48599999979197],[-77.42109100018239,37.48599800034576],[-77.42112999964216,37.48599800034576],[-77.42114200023603,37.48599800034576],[-77.42115700030465,37.485996000186724],[-77.42119300028966,37.48598999970919],[-77.421210999833,37.48598700018306],[-77.4212240002518,37.48598700018306],[-77.4212400001453,37.48598800026276],[-77.42125799968866,37.485994000027574],[-77.42127100010744,37.48600400010984],[-77.42127899960506,37.48601500027003],[-77.42128600017607,37.48602500034942],[-77.42129399967367,37.48604100018862],[-77.42129700004672,37.48605700002434],[-77.42129500039691,37.48607399993514],[-77.42129100019895,37.48608600016336],[-77.42127699995525,37.48611400021323],[-77.42127100010744,37.48613000003332],[-77.42126699990949,37.48614800000506],[-77.42126500025967,37.48616100029872],[-77.42126400043476,37.48618199978141],[-77.42126299971153,37.48621600025511],[-77.4212610000617,37.48622799974771],[-77.42125799968866,37.48623899987492],[-77.42125100001597,37.486254000304996],[-77.4212400001453,37.48627499976148],[-77.42123500012245,37.486288000033106],[-77.42123099992448,37.486301000302404],[-77.42122500007669,37.486326000046354],[-77.42122199970365,37.48633500000913],[-77.42121800040402,37.48634600012059],[-77.421210999833,37.486362999965614],[-77.42120499998522,37.486375000147426],[-77.42119900013743,37.486384000104344],[-77.42118700044188,37.486396000282774],[-77.42117800022105,37.486402000014834],[-77.4211680001753,37.48640799974645],[-77.42114600043399,37.48641899984717],[-77.42113600038824,37.4864259996512],[-77.42112499961928,37.48643599967564],[-77.4211189997715,37.48644500033798],[-77.42111200009879,37.48645899994048],[-77.42110799990084,37.48647100010692],[-77.42110600025102,37.4864820001983],[-77.42110299987796,37.486506999881684],[-77.42110200005305,37.48654499978353],[-77.42109899968,37.48657900009203],[-77.42109700003019,37.48660800002841],[-77.42109500038035,37.486620000170866],[-77.42109100018239,37.48663299966963],[-77.42108000031173,37.48665299966168],[-77.42106100004519,37.48667900007104],[-77.4210350001059,37.48671100017861],[-77.42102099986221,37.48673200021951],[-77.4210150000144,37.48674599976823],[-77.42101099981645,37.48675799988857],[-77.42100900016663,37.48677100007608],[-77.42100900016663,37.48678599968651],[-77.42100999999154,37.48679899986916],[-77.4210140001895,37.48681400018678],[-77.42102099986221,37.48682799972019],[-77.4210429996035,37.48686899966242],[-77.4210490003496,37.48688700016886],[-77.42105600002229,37.48690800016025],[-77.42106000022025,37.4869210003217],[-77.42107100009092,37.48694299965762],[-77.42108500033461,37.486966999832966],[-77.42109299983223,37.48698100005046],[-77.4211199995964,37.487017999645374],[-77.42112999964216,37.487027000237596],[-77.4211399996879,37.48703399998467],[-77.42115599958142,37.487040999731086],[-77.42117900004594,37.48704700012421],[-77.42120499998522,37.48705099967319],[-77.42122500007669,37.48705099967319],[-77.42124299962006,37.48705099967319],[-77.42126699990949,37.48704900025511],[-77.4213020000696,37.48704700012421],[-77.4213160003133,37.48704700012421],[-77.42132899983378,37.48704900025511],[-77.42134599955222,37.48705399986935],[-77.42136200034406,37.48706199967922],[-77.42137499986453,37.48707299968358],[-77.4213859997352,37.48708599981634],[-77.42139400013112,37.48710100007634],[-77.42139999997889,37.48711699968504],[-77.42140500000177,37.48714299993292],[-77.42140599982666,37.487160000309395],[-77.42140300035194,37.487189000020244],[-77.42139699960583,37.48721200005331],[-77.42139099975805,37.4872209999094],[-77.42137999988739,37.48723600014229],[-77.42136999984164,37.487252999784786],[-77.42136499981879,37.48726599988616],[-77.42136300016898,37.48728499964647],[-77.42136399999387,37.48730199999069],[-77.42136800019183,37.48733099964641],[-77.42136800019183,37.48734399973427],[-77.42136700036693,37.487407000018145],[-77.42136499981879,37.48742599974259],[-77.42136099962082,37.487446000235146],[-77.42134800010035,37.48749699972055],[-77.42134399990239,37.48751400001646],[-77.42134100042766,37.4875520001189],[-77.42133899987951,37.48756700028534],[-77.42133300003174,37.48758800008555],[-77.42131799996312,37.4876329998413],[-77.4213020000696,37.48768299985491],[-77.42129600022183,37.48770400033533],[-77.42129299984876,37.48772400004064],[-77.42129299984876,37.48774299968446],[-77.42129299984876,37.487785999948485],[-77.42129000037403,37.48781099990825],[-77.42128600017607,37.487826000022665],[-77.42127699995525,37.48784799980487],[-77.42126799973441,37.48786199985732],[-77.42125699986374,37.48787699996145],[-77.42124599999309,37.48789500022505],[-77.42124099997024,37.487910000322614],[-77.42123900032041,37.48792200025592],[-77.4212400001453,37.487933000133694],[-77.42124400034326,37.48794700017015],[-77.42125000019105,37.48796200025727],[-77.42126000023681,37.487982999946446],[-77.42127500030541,37.4880099999455],[-77.42128000032828,37.48802199986274],[-77.4212819999781,37.48803299972579],[-77.42128399962793,37.48804799979563],[-77.42128500035116,37.48807399971948],[-77.42128799982589,37.48808600033925],[-77.42129299984876,37.48809800024428],[-77.42129799987164,37.48810800004483],[-77.42130500044264,37.48811799984411],[-77.4213160003133,37.48812700030379],[-77.42132600035904,37.4881319998459],[-77.42133999970443,37.4881339999478],[-77.42135499977304,37.4881339999478],[-77.4213930003062,37.4881319998459],[-77.42141699969733,37.4881319998459],[-77.42144099998676,37.48813299989688],[-77.4214579997052,37.48813600004959],[-77.42147500032196,37.488140000253075],[-77.42149299986532,37.488148999997364],[-77.42151799997967,37.48816500009442],[-77.42153499969811,37.48817399983563],[-77.42155200031486,37.488181000188035],[-77.42156400001042,37.48818899987717],[-77.42157300023125,37.48820399991568],[-77.4215699998582,37.48821599980176],[-77.42156099963736,37.488230999834855],[-77.4215489999418,37.48824599986489],[-77.42152600037558,37.48827000033442],[-77.42149500041344,37.488299999663106],[-77.42146600010112,37.48833499993387],[-77.42144099998676,37.48837200028372],[-77.42142500009325,37.48840399966612],[-77.42141699969733,37.488423999896824],[-77.42137900006249,37.488526999681504],[-77.42137999988739,37.48865699980217],[-77.42138099971231,37.488702999670004],[-77.4213869995601,37.48872800003568],[-77.42138900010823,37.48876200006341],[-77.42140800037481,37.488829000030805],[-77.42141900024546,37.488851000230376],[-77.42142799956798,37.488902000182165],[-77.42143000011613,37.48892799980878],[-77.42143099994102,37.48897700034153],[-77.42142900029121,37.488999999824095],[-77.42142500009325,37.48903100032412],[-77.4214219997202,37.489049000309606],[-77.42141800042054,37.489068000329226],[-77.42140900019972,37.48909499993611],[-77.42139499995601,37.4891319999095],[-77.42138900010823,37.48915099990801],[-77.42138300026045,37.48918000027154],[-77.42137700041266,37.48921800023925],[-77.42136999984164,37.48925700022355],[-77.42136399999387,37.48928599983313],[-77.42135899997099,37.48931400010914],[-77.4213580001461,37.4893309999916],[-77.4213580001461,37.4893489999048],[-77.4213580001461,37.48937400005426],[-77.42135700032118,37.489404999686286],[-77.42135700032118,37.48942400032814],[-77.42135899997099,37.48943700005171],[-77.42136399999387,37.48945399990613],[-77.4213740000396,37.48948200011917],[-77.42138400008537,37.489504000126466],[-77.42140900019972,37.48955400031328],[-77.42142099989529,37.48957400023608],[-77.42143400031408,37.48959300012217],[-77.42144600000964,37.48960899990992],[-77.42146799975096,37.489631999910685],[-77.4214989997131,37.48966700027009],[-77.42150700010902,37.48967699986066],[-77.42151299995679,37.48970099987043],[-77.42151200013188,37.489712000198985],[-77.42150700010902,37.489749999896105],[-77.42150399973595,37.48979799986101],[-77.42150399973595,37.489829000029815],[-77.4215060002841,37.48986699966741],[-77.42150799993391,37.48989299967088],[-77.42150799993391,37.489910000134316],[-77.4215060002841,37.48992299977335],[-77.42150299991106,37.489935000096075],[-77.42149000039056,37.489971999653406],[-77.42148600019262,37.48998800007277],[-77.421471000124,37.490050000239854],[-77.42146699992604,37.49006900000486],[-77.42146500027621,37.490088999789776],[-77.42146299972808,37.49011699976478],[-77.42146299972808,37.49013200012888],[-77.42146399955298,37.49014399970523],[-77.42146600010112,37.49015399994474],[-77.4214700002991,37.490169000301414],[-77.42147799979669,37.490192000129746],[-77.42148399964447,37.490209999835464],[-77.42148600019262,37.49022100008911],[-77.4214870000175,37.49023000029541],[-77.42148600019262,37.49024599994674],[-77.42148399964447,37.490263000329826],[-77.42148299981955,37.49027899997407],[-77.4214850003677,37.49029000021756],[-77.42148899966735,37.49030199976853],[-77.42149799988817,37.49032500026865],[-77.42150899975883,37.49036100032449],[-77.42151299995679,37.49037299986406],[-77.42151799997967,37.490385000114486],[-77.42153499969811,37.49041700006008],[-77.4215410004442,37.490432999671334],[-77.42154399991892,37.490448999991955],[-77.42154599956875,37.490474999792845],[-77.42154800011689,37.4904900000851],[-77.4215499997667,37.49050100029752],[-77.42155499978958,37.49052400002357],[-77.42155899998754,37.49053500023098],[-77.4215709996831,37.49056300003879],[-77.42157700042921,37.49057800031333],[-77.42157999990394,37.49059399989011],[-77.4215840001019,37.4906249997286],[-77.42158800029986,37.490647000112],[-77.42159400014764,37.490671999827036],[-77.4215990001705,37.49069500021327],[-77.42160099982034,37.49071499983058],[-77.42160199964526,37.49073400013921],[-77.42160099982034,37.490757999809304],[-77.42159699962238,37.49078800027715],[-77.4215909997746,37.49082800016932],[-77.42158599975171,37.490853999838336],[-77.42157800025412,37.490885000281665],[-77.42157200040633,37.49090999991705],[-77.42156400001042,37.490937000283694],[-77.42155700033771,37.49095799984931],[-77.42155300013977,37.490966999966815],[-77.4215489999418,37.49097600008323],[-77.42153600042131,37.49099600033807],[-77.42152600037558,37.49100799977563],[-77.42151899980456,37.4910169998871],[-77.42151299995679,37.4910310000584],[-77.42150999958373,37.49104900027472],[-77.42150999958373,37.49106099970376],[-77.42151200013188,37.49106999980884],[-77.42151700015475,37.491083999970215],[-77.42152600037558,37.49109600010636],[-77.42153800007115,37.49110600021841],[-77.42155200031486,37.49111700034005],[-77.42156800020837,37.49112599972567],[-77.4215909997746,37.49113799985512],[-77.42160099982034,37.49114599994034],[-77.42161500006404,37.491159000077],[-77.42162400028487,37.49117000019084],[-77.4216329996074,37.49118500034353],[-77.42163699980536,37.4911989997705],[-77.42163900035348,37.49121199989799],[-77.4216400001784,37.491228000051684],[-77.42163900035348,37.49126399967232],[-77.42164199982824,37.49134699966207],[-77.42164299965313,37.491382999938125],[-77.42164299965313,37.491401000069615],[-77.42163900035348,37.49146299977663],[-77.42163799963025,37.491495999979065],[-77.42163799963025,37.49159299977693],[-77.4216400001784,37.49164399999487],[-77.42163900035348,37.49168200013461],[-77.42163900035348,37.49170000019411],[-77.42164100000332,37.49171800024921],[-77.42164500020127,37.49174400032115],[-77.42165199987397,37.491816999762044],[-77.42165500024701,37.49184299979952],[-77.42166000026988,37.49187199983066],[-77.42166500029276,37.49189399984676],[-77.42167000031561,37.49191499985609],[-77.42167299979037,37.49192899985906],[-77.42168000036138,37.49195499985756],[-77.42168700003407,37.491971999851685],[-77.42170299992759,37.49201299982161],[-77.42170799995046,37.492026999806164],[-77.42172600039214,37.492085999712316],[-77.42173300006482,37.49210899966309],[-77.42174399993546,37.49213800030372],[-77.42175800017917,37.49218200017278],[-77.42176599967677,37.49219600012566],[-77.42177900009555,37.49221200006863],[-77.42180099983688,37.4922599998769],[-77.42182099992837,37.492297999703254],[-77.42183699982189,37.49233200024427],[-77.4218589995632,37.49238399995168],[-77.42186699995912,37.49240599981697],[-77.42187100015707,37.49242299970844],[-77.4218729998069,37.49243800032221],[-77.42187399963181,37.492450000240865],[-77.42187399963181,37.4924650001365],[-77.42187000033218,37.49249399992615],[-77.42186600013422,37.492550000200794],[-77.42187700000487,37.49261299965776],[-77.42188000037791,37.49265399998853],[-77.42188500040079,37.492679999734655],[-77.42188799987551,37.49270000024598],[-77.42189600027145,37.49272399999718],[-77.42191700018785,37.492746999751496],[-77.4219509996247,37.4927780001219],[-77.42197599973906,37.492811999731636],[-77.42198800033295,37.492842000087194],[-77.42198800033295,37.49287800035544],[-77.42198900015785,37.492898000100986],[-77.42199099980766,37.492914999880476],[-77.42199400018073,37.49292699972245],[-77.42199900020358,37.492949000140555],[-77.4220000000285,37.49295900000452],[-77.42200400022647,37.49299100027283],[-77.42201099989917,37.49304900014514],[-77.42201500009713,37.49307899969275],[-77.42201799957185,37.49310000008166],[-77.42202400031796,37.49313000032154],[-77.42202599996779,37.493142000129026],[-77.42202599996779,37.493154999918275],[-77.42202500014287,37.493182000186074],[-77.42202500014287,37.49319300000198],[-77.42202599996779,37.493203999816316],[-77.4220279996176,37.4932230002045],[-77.42203600001352,37.4932730000401],[-77.42204100003639,37.493308000118915],[-77.42204299968621,37.493339000256476],[-77.42204699988419,37.49335899987857],[-77.42205799975481,37.4934190001382],[-77.42206100012788,37.49343299985922],[-77.42207199999854,37.49347699967815],[-77.42208200004428,37.49350799974556],[-77.42208700006715,37.49352300014142],[-77.42209600028798,37.49354299971425],[-77.42210299996067,37.49355500016813],[-77.42211499965623,37.493572999776184],[-77.42212700025011,37.49359100009264],[-77.42213499974773,37.49360099987061],[-77.42214899999144,37.49361700022535],[-77.42215900003717,37.49362500004505],[-77.42217099973271,37.4936329998639],[-77.42218300032661,37.493637999750234],[-77.42219900022013,37.49364300034898],[-77.42222400033448,37.49365200014295],[-77.42223400038023,37.49366099993582],[-77.42223600003005,37.493670999704456],[-77.4222310000072,37.493684000114335],[-77.42222000013653,37.49370299966771],[-77.42221400028875,37.493719999976726],[-77.42221400028875,37.493738000257764],[-77.4222179995884,37.49375199991898],[-77.42222799963413,37.49378399984757],[-77.4222310000072,37.493804000063214],[-77.42223199983209,37.49381899968693],[-77.42223299965701,37.49385900009415],[-77.42223600003005,37.49393300029214],[-77.42223600003005,37.49395399972818],[-77.42224000022803,37.49398299965238],[-77.42224199987785,37.49400199984243],[-77.42224400042599,37.49401400022251],[-77.4222460000758,37.49402599988797],[-77.4222529997485,37.4940529998409],[-77.42225600012154,37.49407299998455],[-77.42225699994646,37.4940819997267],[-77.42225799977138,37.49409100018052],[-77.42225899959627,37.4941029998336],[-77.42226199996934,37.494130999729315],[-77.42226199996934,37.4941460000001],[-77.4222600003195,37.49417599981982],[-77.42225899959627,37.494198999839725],[-77.42226100014442,37.494223999791394],[-77.42226500034238,37.49424799976558],[-77.42226899964203,37.494291999817065],[-77.42227399966488,37.49432800009909],[-77.42227799986284,37.49434400029808],[-77.42228600025878,37.49436800023371],[-77.42229600030451,37.494392000161675],[-77.42231499967278,37.49442799968274],[-77.42232300006869,37.494441999927375],[-77.4223309995663,37.4944510003378],[-77.42234099961203,37.4944600000344],[-77.4223509996578,37.494467999763806],[-77.42236800027455,37.4944770001711],[-77.42240300043464,37.494490999693795],[-77.42244199989439,37.49450399996099],[-77.42245299976504,37.49450899978907],[-77.42246600018383,37.49452000012227],[-77.42246899965856,37.49453500031487],[-77.42246600018383,37.49454400000134],[-77.42245699996299,37.49456200008384],[-77.42244400044251,37.49458100012655],[-77.42243100002374,37.494599000200076],[-77.42242199980289,37.494612999699896],[-77.42241599995512,37.49462599994585],[-77.42241299958206,37.49463800022572],[-77.42241199975716,37.494646999899786],[-77.42241199975716,37.49465900017622],[-77.42241400030531,37.494677000231],[-77.42242000015308,37.49470699983737],[-77.42242600000085,37.494747999731416],[-77.42243199984864,37.494777000060054],[-77.42243699987152,37.4947940001246],[-77.42244400044251,37.49481200014679],[-77.42245500031318,37.49483400000963],[-77.42246299981078,37.49485299998314],[-77.4224700003818,37.49487299991256],[-77.42247299985654,37.49488800003425],[-77.42248299990227,37.49493299966864],[-77.42248999957495,37.494959000046826],[-77.42249899979579,37.49498399974408],[-77.42251100038966,37.49501599985751],[-77.42252300008525,37.49505900021107],[-77.42252899993302,37.49507400029542],[-77.42254599965146,37.49511400003048],[-77.42255999989516,37.49514500013115],[-77.42257499996377,37.49518799969771],[-77.42258099981156,37.49520900020636],[-77.42258400018461,37.49522600017252],[-77.42258500000952,37.49524400009059],[-77.42258400018461,37.49525600027115],[-77.42257900016173,37.49528800026802],[-77.42257599978868,37.49531099994553],[-77.42257800033683,37.49533099975225],[-77.42258500000952,37.49536700024617],[-77.42258900020748,37.49539600033443],[-77.42259300040544,37.495432000084335],[-77.42259599988017,37.49544899999973],[-77.42260000007813,37.49546599991131],[-77.42260699975083,37.495492000103994],[-77.42261099994879,37.49550900000579],[-77.42261699979657,37.49554599965285],[-77.42262400036758,37.49558699979898],[-77.42262799966723,37.495612999949536],[-77.42263199986519,37.495636000239635],[-77.42263600006315,37.49565400005889],[-77.42264000026111,37.4956699999738],[-77.42265100013176,37.495694000196046],[-77.42266000035258,37.495708000203344],[-77.42267100022325,37.49572100025869],[-77.4226820000939,37.49573099975145],[-77.42268999959151,37.49573800010835],[-77.42270399983519,37.49574800031157],[-77.42272099955365,37.49575699985187],[-77.42273599962225,37.49576400020628],[-77.42275900008678,37.495772999744716],[-77.42277599980522,37.495784999840225],[-77.42277900017828,37.495798999830456],[-77.4227730003305,37.49580900002556],[-77.42275800026188,37.4958230000113],[-77.42275300023901,37.495834000150964],[-77.42275300023901,37.49584500028901],[-77.42275700043696,37.49585800032051],[-77.42276400010967,37.495874000191705],[-77.42276800030761,37.49588500032387],[-77.42277199960726,37.49589699968869],[-77.42277400015541,37.49590699987062],[-77.42277499998033,37.49591999989133],[-77.42277400015541,37.49593100001676],[-77.42276999995745,37.49595099965744],[-77.42276599975949,37.49596399967049],[-77.4227599999117,37.495979000285786],[-77.42275400006392,37.495987999798245],[-77.42274700039123,37.495996000076715],[-77.4227380001704,37.496004000354326],[-77.42271800007892,37.496018000303515],[-77.42270200018538,37.49603300019523],[-77.4226960003376,37.49604900002894],[-77.42269700016251,37.496058000245704],[-77.4227030000103,37.49607000029541],[-77.42271200023113,37.4960799997415],[-77.42272899994957,37.49609399967644],[-77.42273999982021,37.49610099999926],[-77.42275300023901,37.496108000321485],[-77.4227809998281,37.49611599987431],[-77.42280400029263,37.49612699997087],[-77.4228150001633,37.496136000178225],[-77.42282100001107,37.49614399972811],[-77.42282600003394,37.49615499982049],[-77.42282900040699,37.496164999967874],[-77.42283299970664,37.49617899988688],[-77.42283299970664,37.4961949996893],[-77.42283199988172,37.49620399988847],[-77.42282900040699,37.49621300008655],[-77.4228229996609,37.49622600005399],[-77.4228150001633,37.49623800007671],[-77.42279300042198,37.49626599988477],[-77.42278699967588,37.49627600001729],[-77.42277800035336,37.49629099985719],[-77.42276800030761,37.49631499987986],[-77.4227599999117,37.496327999829546],[-77.42274300019326,37.496349999958525],[-77.42273599962225,37.49636100002057],[-77.42273300014753,37.49637499990283],[-77.42273399997244,37.4963840000803],[-77.42273999982021,37.49640099977904],[-77.42274400001817,37.49641399971376],[-77.42274499984309,37.49642900023866],[-77.42273899999532,37.49644300010818],[-77.4227249997516,37.496463000324525],[-77.42271600042909,37.49647800012686],[-77.42270800003318,37.49649800033377],[-77.42270499966011,37.49650799972255],[-77.42270100036048,37.49652799992143],[-77.42270200018538,37.49654800011496],[-77.42270499966011,37.49656199996217],[-77.42271300005604,37.496585999897796],[-77.42271499970585,37.496602000325694],[-77.42271499970585,37.49661700010012],[-77.42271300005604,37.49663199987158],[-77.42270600038336,37.49665000016349],[-77.42269899981234,37.49666300005481],[-77.4226539996065,37.49673900019678],[-77.42264199991092,37.49675599981471],[-77.42262600001742,37.49677699988238],[-77.42260099990305,37.49680400026619],[-77.4225830003597,37.496828000124],[-77.42257699961361,37.49683900011568],[-77.422569000116,37.496858000291816],[-77.42256400009312,37.496874999882664],[-77.42255499987229,37.496907999831976],[-77.42255200039756,37.49692300025765],[-77.42255099967433,37.49693199965636],[-77.42254999984942,37.49695999991688],[-77.42254999984942,37.496972999754284],[-77.42255099967433,37.496983999724556],[-77.42255400004738,37.496992999828635],[-77.42255999989516,37.497009000169385],[-77.42257300031396,37.497021000066276],[-77.42258199963648,37.497029000234086],[-77.42259300040544,37.49703499982481],[-77.4226119997737,37.49704200005948],[-77.42262600001742,37.497043999922745],[-77.42263799971296,37.497043999922745],[-77.42265699997955,37.49704299999112],[-77.42268100026898,37.49703900026443],[-77.42270899985807,37.4970359997566],[-77.42272700029973,37.4970359997566],[-77.42273999982021,37.497036999688305],[-77.42275400006392,37.49704100012782],[-77.42276499993457,37.49704699971758],[-77.42277499998033,37.497056999745524],[-77.4227809998281,37.49707000027876],[-77.42278400020115,37.49708499995918],[-77.422781999653,37.49709599991301],[-77.42277400015541,37.497109999657475],[-77.42275800026188,37.497121000320284],[-77.42274700039123,37.49712500004258],[-77.42272700029973,37.49712899976466],[-77.422709999683,37.49712999969513],[-77.42267100022325,37.49713100033831],[-77.42265500032971,37.497132000268756],[-77.42264299973583,37.497134000129655],[-77.42261400032183,37.49713999971195],[-77.42258099981156,37.497146000006474],[-77.4225620004433,37.49715300023073],[-77.42254599965146,37.49716200031445],[-77.4225280001081,37.49717400018676],[-77.4224910002982,37.49720199964388],[-77.42248100025245,37.49721199965106],[-77.42246799983364,37.49722500015726],[-77.42245899961281,37.49723799994853],[-77.42244199989439,37.497264000237],[-77.42242199980289,37.49729099973202],[-77.42241599995512,37.4972999997991],[-77.42241099993225,37.49730899986509],[-77.42240500008447,37.49732300028229],[-77.4223940002138,37.49735099968355],[-77.42238199961993,37.497367999874825],[-77.42236999992437,37.49737699993262],[-77.42235999987861,37.49738200028102],[-77.42233800013732,37.49738999969743],[-77.42231800004582,37.49739400011804],[-77.42227799986284,37.497402000245835],[-77.4222669999922,37.497406999879885],[-77.42225199992359,37.49741699985962],[-77.42224199987785,37.49742799976448],[-77.42223600003005,37.497436999815044],[-77.4222310000072,37.497447999717025],[-77.42222599998432,37.497464999886226],[-77.42222299961128,37.497479000274225],[-77.42221599993857,37.49752099999708],[-77.42221099991569,37.497546000262076],[-77.4222030004181,37.49757600014145],[-77.42220000004505,37.49759199964452],[-77.422196999672,37.497605000084626],[-77.422196999672,37.49762100029419],[-77.4221959998471,37.49764300004227],[-77.42219500002219,37.497654999837344],[-77.4221890001744,37.497673999805855],[-77.42218199960338,37.49768700023168],[-77.42217099973271,37.49770999988302],[-77.42216200041022,37.49772199966728],[-77.42215300018938,37.497732000317534],[-77.42213899994569,37.4977440000983],[-77.42212200022725,37.49775699979922],[-77.42211100035658,37.49776399996616],[-77.42208000039444,37.49777900021989],[-77.42206600015075,37.497787000306495],[-77.42205100008215,37.49779900007843],[-77.42204100003639,37.49780900000567],[-77.42203000016575,37.49782400025036],[-77.42202299959473,37.49783500009527],[-77.42202000011999,37.49784400009679],[-77.4220190002951,37.49785699978031],[-77.42202199976981,37.497870000174274],[-77.42203099999064,37.497890999928664],[-77.42203299964048,37.49790099984358],[-77.42203299964048,37.4979119996772],[-77.42203000016575,37.49794000028299],[-77.42203099999064,37.49795200003029],[-77.42203199981556,37.497961999937026],[-77.42203600001352,37.49797700015099],[-77.4220419998613,37.497993000280914],[-77.42205000025723,37.49801000032604],[-77.42205399955687,37.49802100014361],[-77.42206100012788,37.4980470001594],[-77.42206600015075,37.4980620003563],[-77.42207100017362,37.49807899967306],[-77.42207799984632,37.49810099999891],[-77.42208299986918,37.498118999936736],[-77.42208500041733,37.49813200028504],[-77.42208600024225,37.49814300008463],[-77.42208500041733,37.498152999965804],[-77.42208200004428,37.498163999762255],[-77.42207799984632,37.4981750002698],[-77.42206799980057,37.49819400010607],[-77.42205799975481,37.49821000018944],[-77.42204699988419,37.49822399972506],[-77.42203900038656,37.49823299967969],[-77.42202699979268,37.4982460000082],[-77.42201400027221,37.498261000165115],[-77.42200300040156,37.498279000064365],[-77.42198999998277,37.498305999905064],[-77.42197200043941,37.49833500027745],[-77.42194800014998,37.49837700023156],[-77.42192999970831,37.49840699977709],[-77.42190499959395,37.498445000039325],[-77.42189700009635,37.498461000068914],[-77.42189100024856,37.49847299973255],[-77.42188399967755,37.4984850001069],[-77.42188100020283,37.4985000002158],[-77.42187399963181,37.498525000153045],[-77.4218589995632,37.498590000093294],[-77.42185100006559,37.49862499981837],[-77.42184299966968,37.49866200005973],[-77.4218379996468,37.49867700013307],[-77.42183099997412,37.498693000113],[-77.42182400030141,37.498707000270784],[-77.42181699973041,37.49871999980401],[-77.42179300033928,37.49876200025428],[-77.42178400011844,37.498780000032774],[-77.4217740000727,37.49880300006017],[-77.42176999987474,37.498813999760884],[-77.42176300020205,37.49882600008044],[-77.42175200033138,37.49884599965856],[-77.4217459995853,37.498857000065634],[-77.42174200028565,37.498872000099816],[-77.42173899991259,37.49888899994488],[-77.42173800008769,37.49890300006591],[-77.42173499971463,37.49892199971689],[-77.42172899986686,37.498937999644276],[-77.42171100032351,37.49897700025473],[-77.42170499957743,37.49898799992981],[-77.42199500000562,37.49897800016047],[-77.4221049996105,37.49897399982472],[-77.42270399983519,37.49895299966218],[-77.42294099966166,37.498944999700505],[-77.42340400034226,37.49892799986823],[-77.42383699998729,37.4989129998453],[-77.42405799992024,37.49888600022403],[-77.42414900015683,37.49885400034349],[-77.42438199978534,37.498775999686416],[-77.42450599963391,37.498749000015614],[-77.42484999959049,37.49860600009182],[-77.42503600026164,37.49850299995216],[-77.42531699957071,37.49834999970383],[-77.42620100020079,37.49786499985855],[-77.42651500002015,37.49764499988948],[-77.42652500006588,37.49763900034772],[-77.42666300015814,37.49751900014659],[-77.42698000035054,37.4971999997848],[-77.42725599963676,37.49684299985308],[-77.42762100040805,37.49626100017432],[-77.42772500016513,37.49616799979803],[-77.4278630002574,37.49613999995328],[-77.42794500027316,37.49615100004625],[-77.42802800011383,37.4961949996893],[-77.42819299997026,37.496333000248185],[-77.42826900013826,37.49629399968228],[-77.42835199997891,37.495981000177565],[-77.42846199958379,37.495689999684366],[-77.42857899975965,37.49551399976653],[-77.4287930000199,37.49529999972878],[-77.42884099970047,37.49521799981162],[-77.42887599986058,37.49513000006108],[-77.42891000019577,37.49508599979056],[-77.42897899979275,37.495052999748864],[-77.42914399964917,37.49504000028997],[-77.43021300022716,37.49496000000641],[-77.4304330003352,37.49494999969762],[-77.43053299989431,37.49494499989911],[-77.43057100042746,37.49494299997965],[-77.43062699960564,37.49493700022081],[-77.43077899994161,37.49492100014891],[-77.43090899963795,37.49490699999408],[-77.43100400007249,37.49489699967825],[-77.43124000007406,37.49487199995186],[-77.43127299968602,37.49485299998314],[-77.43132999958743,37.49482199976131],[-77.43146699985478,37.49467400034095],[-77.4317289997956,37.49434400029808],[-77.43179099971987,37.49430100024558],[-77.43184799962128,37.49427299970084],[-77.43186000021515,37.494267999857016],[-77.43194999972854,37.494267999857016],[-77.43207399957709,37.494294999722456],[-77.43211399976006,37.4943169997376],[-77.43243199977739,37.49448599986457],[-77.43247399961018,37.49450899978907],[-77.43266000028133,37.494585999949415],[-77.4327420002971,37.494597000271284],[-77.43291499965115,37.49458100012655],[-77.43330100033883,37.49451500029499],[-77.43334900001942,37.49448200000093],[-77.43343699988296,37.49439000022735],[-77.43344500027888,37.49438299974414],[-77.43353499979224,37.494262000043946],[-77.43367600025756,37.494121000022325],[-77.43370300002174,37.49430899999202],[-77.43372800013609,37.4944770001711],[-77.43373399998387,37.494563000048686],[-77.43375700044841,37.49465800021266],[-77.43378800041056,37.49471300032744],[-77.43383199989317,37.49476299987822],[-77.43388499959661,37.49480700033905],[-77.43389999966523,37.49481599999274],[-77.43391499973384,37.49482499964536],[-77.4340739997425,37.494894999757435],[-77.43415599975826,37.49476299987822],[-77.4345879995784,37.49410399980458],[-77.43506299995455,37.49335999985953],[-77.43507499965013,37.49334300018132],[-77.4355729995925,37.49257699997455],[-77.43562299982122,37.49251399977446],[-77.43573300032438,37.49239299989735],[-77.4358549996248,37.49227999978793],[-77.43598900041742,37.492176000192146],[-77.43613400018236,37.49208099972209],[-77.43628800016816,37.491996999836026],[-77.43648499981164,37.49190999985441],[-77.43666700028484,37.49184699980449],[-77.43685399988259,37.4917979997289],[-77.43704700022644,37.491761999652915],[-77.43718699996852,37.491747000328886],[-77.4372410003952,37.49174100031335],[-77.43729900012153,37.49173800030536],[-77.43775900042905,37.49171200023134],[-77.43985900015358,37.49157899971102],[-77.44168199986866,37.49146499978928],[-77.44198099961943,37.49144200035298],[-77.44205900033552,37.49143600031289],[-77.4430150000373,37.491374999878275],[-77.4431919995893,37.491361999779215],[-77.44356999988108,37.49133500027897],[-77.44380000003487,37.491319000148145],[-77.4439439999749,37.491311000081446],[-77.4443239999165,37.4912899999023],[-77.44506600025633,37.49123700013665],[-77.44544100017507,37.49121099988823],[-77.44545899971841,37.49132200017294],[-77.44546999958908,37.491406000105364],[-77.44547499961193,37.49144100034635],[-77.44553900008435,37.49199399983832],[-77.44556199965058,37.4921900001462],[-77.44557400024445,37.49229999969361],[-77.44561100005437,37.49263300018698],[-77.44562399957485,37.492743999783976],[-77.44563199997077,37.492824000302974],[-77.44565899973495,37.49306699987514],[-77.44566899978071,37.493148000032015],[-77.44568999969711,37.49334000023775],[-77.44575599981934,37.493917000005105],[-77.44577799956065,37.49411000034304],[-77.44585700010167,37.49410399980458],[-77.44594499996522,37.49409799997839],[-77.4463440001734,37.49406400024132],[-77.44640799974749,37.494058999670756],[-77.44664200009923,37.49400599973178],[-77.44693300035236,37.493882000211684],[-77.44726200024034,37.49374899999178],[-77.44749499986882,37.49368000020775],[-77.44780100019061,37.49364199965906],[-77.44797799974259,37.493626000022445],[-77.44854500018026,37.493577999666535],[-77.44856000024886,37.49357599971046],[-77.44860600027963,37.493571999798085],[-77.44862200017315,37.493570999819916],[-77.44861799997518,37.49349799995511],[-77.44860799992945,37.493281999878654],[-77.4486049995564,37.49320999971438],[-77.44858700001305,37.49242299970844],[-77.44858700001305,37.49240799980438],[-77.4486049995564,37.49132200017294],[-77.44862399982297,37.49043100034378],[-77.44861999962501,37.49006299985448],[-77.44861700015028,37.48969300034322],[-77.44863600041685,37.48927700022588],[-77.44862999967076,37.488673999834106],[-77.44862700019601,37.488258999793516]]]},"properties":{"geoid":"51760060800","tract_name":"Census Tract 608","designation_status":"Planning candidate only; not federally designated","candidate_basis":"Contains a documented shipyard, ship-repair facility, marine terminal, or terminal project matching proposed Maritime Prosperity Zone screening concepts.","facility_count":1,"facilities":[{"name":"Richmond Marine Terminal","type":"Marine terminal"}],"sources":[{"label":"Port of Virginia terminal information","url":"https://operations.portofvirginia.com/terminal-directions/"}]}}],"name":"Virginia potential Maritime Prosperity Zone tracts","description":"Illustrative planning candidates based on documented maritime facilities and 2020 Census tracts. No Virginia tract in this file is represented as federally designated.","methodology":"Candidate screening follows the tract-based shipyard, port, and harbor-facility concept in proposed federal Maritime Prosperity Zone policy. It is not an eligibility finding.","boundary_source":{"label":"U.S. Census Bureau TIGERweb, 2020 Census tracts","url":"https://tigerweb.geo.census.gov/arcgis/rest/services/Census2020/Tracts_Blocks/MapServer"},"policy_sources":[{"label":"America's Maritime Action Plan (2026)","url":"https://www.whitehouse.gov/wp-content/uploads/2026/02/Restoring-Americas-Maritime-Dominance.pdf"},{"label":"SHIPS for America Act of 2025, Section 710 (introduced legislation)","url":"https://www.congress.gov/bill/119th-congress/house-bill/3151/text"}]}
