{"type":"FeatureCollection","name":"COSOLVE Virginia ecosystem regions","xy_coordinate_resolution":1e-05,"features":[{"type":"Feature","properties":{"region_name":"Central Virginia","region_slug":"central-virginia","region_color":"#748A35","locality_count":13},"geometry":{"type":"Polygon","coordinates":[[[-78.23504,37.3681],[-78.23123,37.29622],[-78.23816,37.19482],[-78.23935,37.12009],[-78.25191,37.1137],[-78.26582,37.11162],[-78.27414,37.10385],[-78.28434,37.10154],[-78.29571,37.10275],[-78.3079,37.09898],[-78.31461,37.10247],[-78.34884,37.10238],[-78.36005,37.10607],[-78.37014,37.10149],[-78.37088,37.09684],[-78.38232,37.08949],[-78.40949,37.08601],[-78.42252,37.08091],[-78.44798,37.07817],[-78.45835,37.08553],[-78.48089,37.0852],[-78.50363,37.10635],[-78.50188,37.11422],[-78.51023,37.12756],[-78.52865,37.14108],[-78.54299,37.14114],[-78.54763,37.15049],[-78.56816,37.14866],[-78.58385,37.14066],[-78.59292,37.14406],[-78.59688,37.15234],[-78.60521,37.15176],[-78.62042,37.15766],[-78.62384,37.16446],[-78.63493,37.17006],[-78.6402,37.19269],[-78.66635,37.19753],[-78.68034,37.19742],[-78.68606,37.19396],[-78.68636,37.1998],[-78.69254,37.20451],[-78.68868,37.21316],[-78.6904,37.2204],[-78.68282,37.23671],[-78.67981,37.25883],[-78.65124,37.2932],[-78.64194,37.30027],[-78.63289,37.31442],[-78.62703,37.32204],[-78.61402,37.32754],[-78.60945,37.33566],[-78.60156,37.33771],[-78.59448,37.34495],[-78.60143,37.35137],[-78.59444,37.39797],[-78.58083,37.39151],[-78.59528,37.39924],[-78.60756,37.39343],[-78.61562,37.39405],[-78.61623,37.38851],[-78.63057,37.38434],[-78.63004,37.38897],[-78.63753,37.39269],[-78.63501,37.39979],[-78.64015,37.40403],[-78.63435,37.41195],[-78.63737,37.41386],[-78.63556,37.41608],[-78.65248,37.41778],[-78.65936,37.42336],[-78.66812,37.42247],[-78.68328,37.42901],[-78.70299,37.45526],[-78.82401,37.55158],[-78.82299,37.54085],[-78.83094,37.53564],[-78.84673,37.53834],[-78.85855,37.54535],[-78.86914,37.54204],[-78.86764,37.54495],[-78.87234,37.54884],[-78.87647,37.54628],[-78.88349,37.55068],[-78.88498,37.54681],[-78.89846,37.54427],[-78.96393,37.66561],[-78.97154,37.67018],[-78.96693,37.677],[-78.98319,37.68232],[-78.98236,37.68685],[-78.98831,37.69],[-78.98637,37.69773],[-78.99634,37.70173],[-79.00616,37.69751],[-79.01476,37.7054],[-79.03056,37.7024],[-79.03882,37.70945],[-79.0574,37.71225],[-79.06729,37.71932],[-79.06437,37.72517],[-79.06981,37.73108],[-79.06583,37.74652],[-79.07226,37.76242],[-79.06694,37.76998],[-79.07114,37.77818],[-79.07653,37.7784],[-79.07461,37.78141],[-79.08973,37.78801],[-79.10032,37.78477],[-79.11449,37.78649],[-79.1201,37.79436],[-79.1201,37.80136],[-79.12832,37.80214],[-79.13534,37.8076],[-79.13796,37.81414],[-79.17213,37.8031],[-79.16417,37.81642],[-79.15808,37.81973],[-79.16015,37.82668],[-79.15454,37.83343],[-79.15895,37.83866],[-79.14435,37.85624],[-79.14437,37.86009],[-79.15154,37.86598],[-79.14672,37.86972],[-79.14648,37.87522],[-79.15077,37.87679],[-79.15149,37.88565],[-79.15739,37.891],[-79.15064,37.89262],[-79.14594,37.88888],[-79.12222,37.89598],[-79.11609,37.90206],[-79.1013,37.90374],[-79.09122,37.91093],[-79.0764,37.91513],[-79.06911,37.91336],[-79.06245,37.9176],[-79.05681,37.91263],[-79.05226,37.91279],[-79.05018,37.89997],[-79.04569,37.89775],[-79.04455,37.89089],[-79.01723,37.89345],[-79.01598,37.88755],[-79.00513,37.88169],[-78.98747,37.89587],[-78.98112,37.90596],[-78.97029,37.91268],[-78.95505,37.91644],[-78.95907,37.92026],[-78.95695,37.92588],[-78.94186,37.94041],[-78.92675,37.94007],[-78.91996,37.94628],[-78.90943,37.94535],[-78.89909,37.9488],[-78.90228,37.9514],[-78.90241,37.95805],[-78.89261,37.97496],[-78.89361,37.97715],[-78.90354,37.97479],[-78.90797,37.97698],[-78.90695,37.98754],[-78.89759,37.99501],[-78.88793,37.99662],[-78.8819,38.00869],[-78.88195,38.01818],[-78.87434,38.02804],[-78.85983,38.02847],[-78.85519,38.03579],[-78.83887,38.04737],[-78.82169,38.05923],[-78.79279,38.0695],[-78.79365,38.07781],[-78.7792,38.08347],[-78.7772,38.09322],[-78.78383,38.10028],[-78.77904,38.10649],[-78.78065,38.11278],[-78.78754,38.11729],[-78.78529,38.1197],[-78.78804,38.12679],[-78.7795,38.13209],[-78.77908,38.13989],[-78.77543,38.14101],[-78.77148,38.15516],[-78.77177,38.1661],[-78.75261,38.19424],[-78.75186,38.20258],[-78.74214,38.21772],[-78.73639,38.2201],[-78.72627,38.23196],[-78.71124,38.23864],[-78.70657,38.24644],[-78.69524,38.24646],[-78.68103,38.25491],[-78.66981,38.24733],[-78.65515,38.26063],[-78.6664,38.26605],[-78.66065,38.27026],[-78.66315,38.27793],[-78.65121,38.29346],[-78.63527,38.29163],[-78.62852,38.30002],[-78.60272,38.30689],[-78.60104,38.31468],[-78.58751,38.32483],[-78.56723,38.32824],[-78.55314,38.33482],[-78.55381,38.3485],[-78.54687,38.35291],[-78.54453,38.36252],[-78.52279,38.36951],[-78.52642,38.37244],[-78.51864,38.38125],[-78.51579,38.39283],[-78.50661,38.39401],[-78.49321,38.40629],[-78.49435,38.40905],[-78.48672,38.41611],[-78.48224,38.42992],[-78.47657,38.43215],[-78.47772,38.43857],[-78.47433,38.44559],[-78.46507,38.447],[-78.46266,38.45953],[-78.4528,38.47553],[-78.44143,38.49049],[-78.44677,38.49929],[-78.44236,38.5057],[-78.4411,38.51611],[-78.43608,38.5217],[-78.44277,38.52778],[-78.43803,38.5309],[-78.43021,38.52689],[-78.41975,38.5344],[-78.41319,38.54776],[-78.39523,38.55564],[-78.38895,38.5549],[-78.38093,38.56131],[-78.38566,38.58266],[-78.38319,38.58832],[-78.3741,38.59449],[-78.36031,38.6136],[-78.35496,38.61201],[-78.33818,38.62731],[-78.32762,38.62878],[-78.31558,38.65156],[-78.32014,38.65953],[-78.31755,38.6695],[-78.32397,38.6727],[-78.31439,38.68251],[-78.31636,38.69056],[-78.31999,38.69835],[-78.33171,38.70264],[-78.33222,38.70564],[-78.31878,38.73787],[-78.30348,38.73891],[-78.29948,38.74837],[-78.29054,38.75037],[-78.2841,38.75999],[-78.27102,38.76186],[-78.25296,38.75704],[-78.24431,38.76327],[-78.23859,38.76199],[-78.23022,38.76919],[-78.22469,38.76814],[-78.21778,38.77339],[-78.20074,38.77676],[-78.19327,38.78744],[-78.18459,38.79295],[-78.18021,38.81805],[-78.17086,38.81919],[-78.17096,38.82928],[-78.16859,38.83369],[-78.15996,38.8365],[-78.15914,38.84252],[-78.15141,38.84836],[-78.15264,38.85438],[-78.14202,38.85565],[-78.14297,38.8591],[-78.12355,38.86548],[-78.12222,38.85622],[-78.10772,38.84268],[-78.09973,38.83039],[-78.08101,38.82501],[-78.06528,38.81273],[-78.05927,38.81137],[-78.05068,38.80535],[-78.0514,38.79923],[-78.04792,38.79858],[-78.04729,38.80199],[-78.04309,38.80027],[-78.04385,38.79749],[-78.03537,38.80021],[-78.0259,38.79592],[-78.03177,38.79351],[-78.02666,38.78839],[-78.02957,38.78672],[-78.02747,38.78185],[-78.01952,38.77807],[-78.02611,38.77687],[-78.02251,38.77032],[-78.02768,38.7645],[-78.0281,38.75749],[-78.01653,38.75416],[-78.01897,38.74885],[-78.01556,38.74712],[-78.01919,38.74036],[-78.01344,38.73978],[-78.01262,38.73279],[-78.00604,38.73253],[-78.00943,38.72984],[-78.0063,38.72746],[-78.0151,38.72509],[-78.00122,38.71762],[-77.9951,38.71011],[-77.95534,38.69499],[-77.95126,38.69834],[-77.94678,38.69561],[-77.94213,38.6987],[-77.93536,38.69584],[-78.09013,38.59679],[-77.92765,38.69902],[-77.90644,38.69607],[-77.90205,38.69052],[-77.90411,38.68416],[-77.89186,38.68108],[-77.90246,38.67503],[-77.90158,38.66591],[-77.89612,38.66205],[-77.88381,38.66653],[-77.8715,38.64799],[-77.8733,38.63985],[-77.88051,38.63651],[-77.87699,38.63094],[-77.8698,38.6323],[-77.87157,38.62995],[-77.86856,38.62336],[-77.85995,38.62081],[-77.86144,38.61412],[-77.87319,38.61053],[-77.87322,38.60595],[-77.86238,38.59853],[-77.86601,38.59329],[-77.87474,38.59084],[-77.87709,38.58466],[-77.86671,38.5762],[-77.86073,38.56217],[-77.85646,38.56036],[-77.85617,38.55679],[-77.84909,38.55476],[-77.83888,38.53989],[-77.83144,38.5386],[-77.8202,38.52907],[-77.81365,38.53019],[-77.80084,38.51205],[-77.80088,38.50263],[-77.78784,38.49303],[-77.788,38.48827],[-77.78155,38.48846],[-77.78061,38.47773],[-77.77491,38.47278],[-77.77819,38.46901],[-77.77636,38.46504],[-77.7611,38.45815],[-77.76181,38.43986],[-77.75528,38.4296],[-77.73972,38.4247],[-77.73471,38.4129],[-77.72096,38.42042],[-77.71135,38.42298],[-77.70172,38.42138],[-77.69814,38.42565],[-77.69036,38.427],[-77.63382,38.40988],[-77.63306,38.39374],[-77.62177,38.38891],[-77.61891,38.37513],[-77.61873,38.36783],[-77.62725,38.36874],[-77.63557,38.35931],[-77.64417,38.36181],[-77.64361,38.36809],[-77.63711,38.37165],[-77.64574,38.37811],[-77.67144,38.3705],[-77.67911,38.36013],[-77.69547,38.35642],[-77.71295,38.36767],[-77.73328,38.37585],[-77.73329,38.37585],[-77.70284,38.36084],[-77.70806,38.35864],[-77.70525,38.3549],[-77.70916,38.35771],[-77.7107,38.35068],[-77.71488,38.34916],[-77.71261,38.34481],[-77.71889,38.3416],[-77.71449,38.33601],[-77.7198,38.33559],[-77.72733,38.3237],[-77.73933,38.32095],[-77.74198,38.31042],[-77.76695,38.28753],[-77.77142,38.28808],[-77.77078,38.28013],[-77.78106,38.27772],[-77.79109,38.26796],[-77.78722,38.26645],[-77.79423,38.26188],[-77.79292,38.25959],[-77.80552,38.2535],[-77.80742,38.25558],[-77.81137,38.24467],[-77.81447,38.24575],[-77.81981,38.24162],[-77.82774,38.23],[-77.83442,38.23164],[-77.83778,38.22402],[-77.85003,38.21578],[-77.85155,38.20903],[-77.8577,38.20648],[-77.8566,38.20319],[-77.85986,38.2006],[-77.87742,38.20219],[-77.87103,38.19828],[-77.87377,38.19269],[-77.8715,38.19103],[-77.89766,38.17114],[-77.90211,38.166],[-77.90065,38.15982],[-77.90822,38.16035],[-77.916,38.15333],[-77.9203,38.15467],[-77.91917,38.15165],[-77.92212,38.15176],[-77.92904,38.13586],[-77.93316,38.13766],[-77.9386,38.1334],[-77.94734,38.11999],[-77.94705,38.12004],[-77.92974,38.11373],[-77.91672,38.11834],[-77.91252,38.11154],[-77.90242,38.10814],[-77.88842,38.11314],[-77.87392,38.10634],[-77.85982,38.10524],[-77.85722,38.10004],[-77.85122,38.10434],[-77.84622,38.09834],[-77.84292,38.10144],[-77.84552,38.10434],[-77.83822,38.10624],[-77.83622,38.10114],[-77.81972,38.09244],[-77.81972,38.08784],[-77.81272,38.08514],[-77.81092,38.07954],[-77.78661,38.07634],[-77.78261,38.06854],[-77.78451,38.06334],[-77.77191,38.05744],[-77.76851,38.05174],[-77.76391,38.05314],[-77.75611,38.04824],[-77.74951,38.05284],[-77.74521,38.05114],[-77.74821,38.04214],[-77.74091,38.03774],[-77.74881,38.03674],[-77.74691,38.02364],[-77.73981,38.03294],[-77.73231,38.03164],[-77.72811,38.02714],[-77.73061,38.02084],[-77.72221,38.02324],[-77.71981,38.01704],[-77.71189,38.01272],[-77.7004,38.0127],[-77.69555,38.0073],[-77.68729,38.00801],[-77.73404,37.88993],[-77.73311,37.88519],[-77.73838,37.88152],[-77.74623,37.85478],[-77.75073,37.84978],[-77.74874,37.84742],[-77.75499,37.8412],[-77.75971,37.81148],[-77.76376,37.80288],[-77.7682,37.80296],[-77.79732,37.72932],[-77.8091,37.7362],[-77.81327,37.74252],[-77.81795,37.74371],[-77.81631,37.74529],[-77.83688,37.75173],[-77.84444,37.74904],[-77.84682,37.75197],[-77.8592,37.75405],[-77.85797,37.75952],[-77.86438,37.75438],[-77.8782,37.75597],[-77.88634,37.76418],[-77.89098,37.76243],[-77.89247,37.76955],[-77.89914,37.76943],[-77.90372,37.77295],[-77.90383,37.77701],[-77.9091,37.77628],[-77.90772,37.79198],[-77.89879,37.79963],[-77.8974,37.80455],[-77.89986,37.80848],[-77.90567,37.8087],[-77.90427,37.81524],[-77.90707,37.82192],[-77.91891,37.82532],[-77.93437,37.83793],[-77.94028,37.83805],[-77.94623,37.84324],[-77.94686,37.85265],[-77.97218,37.8522],[-77.9909,37.85746],[-77.993,37.85929],[-77.98869,37.85972],[-77.98764,37.86458],[-77.99775,37.87255],[-78.03724,37.89096],[-78.05557,37.90438],[-78.06331,37.90511],[-78.15182,37.77044],[-78.15905,37.74933],[-78.16072,37.749],[-78.13469,37.73801],[-78.11698,37.72257],[-78.1042,37.71871],[-78.0938,37.70945],[-78.09052,37.69722],[-78.10892,37.68172],[-78.10993,37.67454],[-78.10489,37.67062],[-78.0855,37.669],[-78.07217,37.65739],[-78.08066,37.65257],[-78.08028,37.64848],[-78.08409,37.64732],[-78.08178,37.64384],[-78.08358,37.64086],[-78.08958,37.63964],[-78.08647,37.63844],[-78.08714,37.63413],[-78.0911,37.63099],[-78.08795,37.63096],[-78.08754,37.62758],[-78.13205,37.45469],[-78.13984,37.45968],[-78.1497,37.45254],[-78.15845,37.45347],[-78.17064,37.44267],[-78.18477,37.44474],[-78.18813,37.42591],[-78.20173,37.42633],[-78.20625,37.40709],[-78.21718,37.39724],[-78.22034,37.38818],[-78.2406,37.37697],[-78.23354,37.36999],[-78.23517,37.368],[-78.23504,37.3681]],[[-78.15623,38.46439],[-78.15584,38.46413],[-78.2318,38.53254],[-78.33818,38.62731],[-78.15623,38.46439]],[[-78.39895,37.30856],[-78.39559,37.30641],[-78.40219,37.31576],[-78.39895,37.30856]],[[-78.39284,37.30465],[-78.39186,37.30551],[-78.39372,37.30521],[-78.39284,37.30465]],[[-78.37004,37.30742],[-78.36152,37.31045],[-78.38066,37.30733],[-78.37004,37.30742]],[[-78.35077,37.31036],[-78.35232,37.30862],[-78.35275,37.30161],[-78.35077,37.31036]],[[-78.34272,37.31894],[-78.34305,37.31903],[-78.34472,37.31716],[-78.34272,37.31894]],[[-78.33473,37.3165],[-78.33475,37.31672],[-78.33802,37.31763],[-78.33473,37.3165]],[[-78.33615,37.31206],[-78.3339,37.30907],[-78.33467,37.31598],[-78.33615,37.31206]],[[-78.32184,37.30929],[-78.31196,37.31586],[-78.3222,37.30928],[-78.32184,37.30929]],[[-78.29268,37.32413],[-78.29394,37.33333],[-78.2932,37.32418],[-78.29268,37.32413]],[[-78.26009,37.36005],[-78.26027,37.36006],[-78.26037,37.35543],[-78.26009,37.36005]],[[-78.52255,38.23113],[-78.4774,38.21762],[-78.54019,38.237],[-78.52255,38.23113]],[[-78.30554,38.00571],[-78.27653,37.99154],[-78.30544,38.00582],[-78.30554,38.00571]],[[-78.18099,37.74495],[-78.18267,37.7438],[-78.16648,37.74785],[-78.18099,37.74495]],[[-78.21247,37.72334],[-78.22302,37.71487],[-78.22341,37.71367],[-78.18898,37.73947],[-78.21247,37.72334]],[[-78.22957,37.69734],[-78.22861,37.69798],[-78.22857,37.69812],[-78.22957,37.69734]],[[-78.24609,37.69131],[-78.23975,37.6905],[-78.23877,37.69116],[-78.24609,37.69131]],[[-78.24812,37.64089],[-78.25609,37.62588],[-78.24902,37.63555],[-78.23975,37.6905],[-78.24812,37.64089]],[[-78.46779,37.34091],[-78.45831,37.33429],[-78.46509,37.33968],[-78.46507,37.3397],[-78.46779,37.34091]],[[-78.64673,37.72224],[-78.63936,37.73921],[-78.64392,37.73307],[-78.64831,37.73272],[-78.65711,37.72943],[-78.64364,37.73234],[-78.64673,37.72224]],[[-78.51887,37.75847],[-78.54557,37.764],[-78.52554,37.75822],[-78.51887,37.75847]],[[-78.50222,37.76135],[-78.50867,37.75884],[-78.50552,37.75896],[-78.50222,37.76135]],[[-78.49599,37.76759],[-78.49691,37.76519],[-78.49579,37.766],[-78.49599,37.76759]],[[-78.49886,37.78696],[-78.49781,37.78171],[-78.49859,37.78782],[-78.49886,37.78696]],[[-78.48416,37.79279],[-78.49145,37.79696],[-78.38595,37.91665],[-78.49666,37.79402],[-78.49781,37.79034],[-78.4918,37.79694],[-78.48416,37.79279]],[[-78.46046,37.75892],[-78.46625,37.76229],[-78.46578,37.76149],[-78.46046,37.75892]],[[-78.40529,37.73511],[-78.43487,37.74657],[-78.42234,37.74053],[-78.40529,37.73511]],[[-78.26023,37.69312],[-78.29004,37.70825],[-78.26549,37.69379],[-78.26023,37.69312]],[[-78.4695,37.34114],[-78.46882,37.34137],[-78.46924,37.34155],[-78.4695,37.34114]],[[-78.47734,37.33422],[-78.47395,37.33417],[-78.47393,37.33424],[-78.47734,37.33422]],[[-78.4861,37.34064],[-78.47937,37.33425],[-78.47914,37.33425],[-78.4861,37.34064]],[[-78.51112,37.32983],[-78.51086,37.32963],[-78.49834,37.33364],[-78.51112,37.32983]],[[-78.51886,37.34419],[-78.51995,37.34116],[-78.51856,37.34408],[-78.51886,37.34419]],[[-78.53585,37.35024],[-78.5247,37.3463],[-78.53572,37.35028],[-78.53585,37.35024]],[[-78.5585,37.36538],[-78.56157,37.36155],[-78.55661,37.36602],[-78.5585,37.36538]],[[-78.56663,37.37101],[-78.56632,37.3709],[-78.56641,37.37104],[-78.56663,37.37101]],[[-78.57205,37.37022],[-78.57187,37.37042],[-78.57218,37.37039],[-78.57205,37.37022]],[[-78.56734,37.36413],[-78.56662,37.36389],[-78.57067,37.36844],[-78.56734,37.36413]],[[-78.65588,37.70389],[-78.65594,37.70354],[-78.64423,37.69364],[-78.65588,37.70389]],[[-78.79494,37.64264],[-78.80344,37.64114],[-78.81775,37.63327],[-78.79494,37.64264]],[[-78.82137,37.63129],[-78.82254,37.63064],[-78.82354,37.62174],[-78.82137,37.63129]],[[-78.81334,37.56815],[-78.8144,37.56894],[-78.8137,37.5669],[-78.81334,37.56815]],[[-78.81464,37.56364],[-78.81425,37.56501],[-78.82474,37.55925],[-78.81464,37.56364]],[[-78.51938,38.0172],[-78.52368,38.02233],[-78.52018,38.02978],[-78.52371,38.02228],[-78.52038,38.01836],[-78.51933,38.01068],[-78.51938,38.0172]],[[-78.44801,38.0575],[-78.45688,38.05561],[-78.448,38.0574],[-78.44801,38.0575]],[[-78.50353,38.01011],[-78.49136,38.0175],[-78.50362,38.01011],[-78.50353,38.01011]],[[-78.51602,38.0098],[-78.51254,38.00989],[-78.5161,38.00982],[-78.51602,38.0098]],[[-78.32454,38.27268],[-78.33103,38.2718],[-78.32967,38.2707],[-78.32454,38.27268]],[[-78.31469,38.27276],[-78.31475,38.27278],[-78.31719,38.2688],[-78.31701,38.26871],[-78.31469,38.27276]],[[-78.30472,38.26933],[-78.31317,38.27224],[-78.30471,38.26919],[-78.30472,38.26933]],[[-78.30486,38.27436],[-78.30486,38.2743],[-78.30319,38.27483],[-78.30486,38.27436]],[[-78.26728,38.26335],[-78.29548,38.27701],[-78.29583,38.27691],[-78.28848,38.27231],[-78.26728,38.26335]],[[-78.41584,38.35626],[-78.42961,38.36676],[-78.42963,38.3667],[-78.41584,38.35626]],[[-78.35754,38.30118],[-78.36581,38.3111],[-78.35781,38.30115],[-78.35754,38.30118]],[[-78.36541,38.30023],[-78.36507,38.30027],[-78.36541,38.30025],[-78.36541,38.30023]],[[-78.36538,38.29303],[-78.36544,38.30014],[-78.36656,38.29602],[-78.36538,38.29303]],[[-78.3587,38.29019],[-78.34838,38.28809],[-78.34834,38.28843],[-78.36526,38.29271],[-78.36515,38.29244],[-78.3587,38.29019]],[[-78.10175,38.15257],[-78.10178,38.15256],[-78.08073,38.14694],[-78.10175,38.15257]],[[-78.00503,38.13923],[-78.0217,38.14216],[-78.00482,38.13906],[-78.00503,38.13923]],[[-77.98155,38.12017],[-77.99027,38.12725],[-77.99068,38.12516],[-77.98155,38.12017]],[[-77.96883,38.12239],[-77.9807,38.11971],[-77.98032,38.1195],[-77.96883,38.12239]],[[-77.95832,38.11812],[-77.95939,38.11816],[-77.95904,38.118],[-77.95832,38.11812]],[[-78.03532,38.31255],[-78.03527,38.31255],[-78.03337,38.31468],[-78.03532,38.31255]],[[-78.03059,38.32797],[-78.01642,38.33168],[-78.03053,38.32805],[-78.03059,38.32797]],[[-77.99387,38.34935],[-77.99439,38.34894],[-77.97573,38.34709],[-77.97573,38.34714],[-77.99387,38.34935]],[[-77.97608,38.35224],[-77.97627,38.35509],[-77.97632,38.35504],[-77.97608,38.35224]],[[-77.97507,38.35649],[-77.97281,38.3589],[-77.97295,38.35895],[-77.97507,38.35649]],[[-77.92184,38.36478],[-77.92153,38.36483],[-77.91749,38.36723],[-77.92184,38.36478]],[[-77.91212,38.37043],[-77.91194,38.37053],[-77.90847,38.38217],[-77.91212,38.37043]],[[-77.89164,38.38887],[-77.88859,38.38835],[-77.89124,38.38903],[-77.89164,38.38887]],[[-77.8867,38.38787],[-77.88348,38.37867],[-77.8866,38.38784],[-77.8867,38.38787]],[[-77.80373,38.37697],[-77.78121,38.36403],[-77.78112,38.36405],[-77.80373,38.37697]],[[-77.78765,38.3771],[-77.7876,38.37707],[-77.77719,38.38885],[-77.78205,38.38603],[-77.78765,38.3771]],[[-77.77176,38.392],[-77.76867,38.39216],[-77.77006,38.39299],[-77.77176,38.392]],[[-77.74629,38.38385],[-77.74514,38.38114],[-77.74549,38.3837],[-77.74629,38.38385]],[[-77.74506,38.38058],[-77.75075,38.37745],[-77.74505,38.38048],[-77.74506,38.38058]],[[-78.13946,38.453],[-78.13976,38.44908],[-78.13973,38.44905],[-78.13946,38.453]],[[-78.13957,38.44892],[-78.13037,38.44114],[-78.12996,38.44107],[-78.13957,38.44892]],[[-78.12549,38.44032],[-78.12256,38.43982],[-78.12275,38.4401],[-78.12549,38.44032]],[[-78.09605,38.40406],[-78.09594,38.39315],[-78.09583,38.40397],[-78.09605,38.40406]],[[-78.09182,38.39],[-78.10571,38.38276],[-78.09174,38.38994],[-78.09182,38.39]],[[-78.11134,38.38136],[-78.11141,38.38046],[-78.11101,38.38118],[-78.11134,38.38136]],[[-78.11791,38.3679],[-78.11836,38.36723],[-78.1178,38.36559],[-78.11791,38.3679]],[[-78.08283,38.32782],[-78.09426,38.32569],[-78.08269,38.32763],[-78.08283,38.32782]],[[-78.1051,38.31291],[-78.10421,38.31283],[-78.09426,38.32569],[-78.1051,38.31291]],[[-78.096,38.30185],[-78.09599,38.30205],[-78.10437,38.29764],[-78.096,38.30185]],[[-78.12365,38.27879],[-78.12034,38.28767],[-78.12398,38.27912],[-78.12365,38.27879]],[[-78.14612,38.27623],[-78.14591,38.27637],[-78.14692,38.27827],[-78.14612,38.27623]],[[-78.14758,38.27997],[-78.1475,38.27977],[-78.14709,38.28052],[-78.14758,38.27997]],[[-78.14553,38.28334],[-78.14533,38.28371],[-78.14626,38.2835],[-78.14553,38.28334]],[[-78.15316,38.28196],[-78.15372,38.28184],[-78.15382,38.28167],[-78.15316,38.28196]],[[-78.15841,38.27388],[-78.15863,38.2735],[-78.1523,38.26576],[-78.15841,38.27388]],[[-78.22092,38.23014],[-78.21737,38.24246],[-78.22108,38.23016],[-78.22092,38.23014]]]}},{"type":"Feature","properties":{"region_name":"Eastern Shore","region_slug":"eastern-shore","region_color":"#3C8F91","locality_count":2},"geometry":{"type":"Polygon","coordinates":[[[-75.60396,37.43259],[-75.60403,37.42202],[-75.64346,37.37286],[-75.64032,37.36387],[-75.64439,37.34227],[-75.65659,37.32391],[-75.67896,37.31258],[-75.71552,37.27569],[-75.71538,37.26997],[-75.73228,37.24569],[-75.72837,37.23562],[-75.72927,37.2169],[-75.74283,37.19291],[-75.74464,37.18235],[-75.78159,37.13712],[-75.80591,37.11606],[-75.82415,37.11012],[-75.83563,37.09501],[-75.85455,37.07935],[-75.86941,37.07395],[-75.88968,37.05451],[-75.90949,36.99071],[-75.99965,37.01333],[-76.13387,37.04089],[-76.14084,37.54222],[-76.16153,37.62513],[-76.23646,37.8866],[-76.05202,37.95358],[-75.99334,37.95349],[-75.94369,37.94613],[-75.95267,37.90683],[-75.88294,37.91134],[-75.80124,37.91217],[-75.76164,37.94137],[-75.70463,37.9547],[-75.69132,37.9555],[-75.65568,37.94543],[-75.6477,37.94696],[-75.64823,37.96677],[-75.63822,37.97939],[-75.62953,37.97596],[-75.63383,37.98452],[-75.62561,37.9898],[-75.62445,37.99419],[-75.24961,38.02672],[-75.16643,38.02783],[-75.24176,37.93153],[-75.27498,37.87512],[-75.296,37.84575],[-75.31221,37.83061],[-75.33798,37.81523],[-75.36012,37.81019],[-75.38017,37.8104],[-75.40929,37.82092],[-75.41707,37.82105],[-75.46093,37.77136],[-75.47441,37.73919],[-75.48723,37.72488],[-75.51522,37.67313],[-75.51693,37.65483],[-75.52243,37.64188],[-75.53318,37.62988],[-75.54178,37.60615],[-75.52844,37.58488],[-75.52691,37.57108],[-75.5299,37.55672],[-75.54081,37.53895],[-75.55506,37.52668],[-75.57964,37.49464],[-75.59564,37.46558],[-75.59744,37.45099],[-75.60396,37.43259]]]}},{"type":"Feature","properties":{"region_name":"Fredericksburg Region","region_slug":"fredericksburg-region","region_color":"#BD713C","locality_count":10},"geometry":{"type":"Polygon","coordinates":[[[-76.3103,37.59098],[-76.35291,37.59108],[-76.37063,37.59544],[-76.41635,37.62014],[-76.44492,37.62869],[-76.47403,37.63158],[-76.50577,37.62631],[-76.52629,37.62989],[-76.54735,37.65528],[-76.56332,37.69491],[-76.58723,37.73707],[-76.59553,37.74631],[-76.61305,37.75926],[-76.65486,37.77139],[-76.66818,37.77839],[-76.68741,37.76869],[-76.70307,37.75571],[-76.7128,37.76038],[-76.72309,37.7567],[-76.75107,37.7286],[-76.76063,37.75079],[-76.76889,37.75598],[-76.77208,37.76232],[-76.7895,37.7712],[-76.79099,37.78673],[-76.80252,37.7948],[-76.82069,37.79246],[-76.84263,37.79804],[-76.8767,37.78208],[-76.88342,37.78352],[-76.88855,37.79064],[-76.90645,37.79624],[-76.915,37.7956],[-76.93441,37.78987],[-76.94322,37.78296],[-76.94128,37.80277],[-76.94545,37.81111],[-76.94521,37.82817],[-76.96988,37.82859],[-76.98277,37.83945],[-76.99262,37.83459],[-77.00638,37.83714],[-77.019,37.84488],[-77.0202,37.86105],[-77.0412,37.86903],[-77.04297,37.87241],[-77.03996,37.87668],[-77.02292,37.87959],[-77.02491,37.88158],[-77.02029,37.88576],[-77.03174,37.89123],[-77.02884,37.89389],[-77.0308,37.89843],[-77.02405,37.90494],[-77.02921,37.9116],[-77.02846,37.91532],[-77.03265,37.9171],[-77.03362,37.92528],[-77.05503,37.93102],[-77.05907,37.94294],[-77.07304,37.94616],[-77.06428,37.95841],[-77.07012,37.96477],[-77.0723,37.96831],[-77.08027,37.96875],[-77.09534,37.96369],[-77.10637,37.97163],[-77.14422,37.97217],[-77.16567,37.96501],[-77.18102,37.95103],[-77.17879,37.94654],[-77.18397,37.94152],[-77.17879,37.92887],[-77.18297,37.91424],[-77.18644,37.91134],[-77.17463,37.90419],[-77.17831,37.90085],[-77.18178,37.90455],[-77.18694,37.90118],[-77.18675,37.89832],[-77.17971,37.89745],[-77.18036,37.8922],[-77.1864,37.8895],[-77.19209,37.89177],[-77.19811,37.88823],[-77.20519,37.89199],[-77.20891,37.8886],[-77.20439,37.8871],[-77.20882,37.88571],[-77.21627,37.89099],[-77.21092,37.89667],[-77.21149,37.90116],[-77.21969,37.90389],[-77.22652,37.89866],[-77.23079,37.90733],[-77.24142,37.90971],[-77.24556,37.90435],[-77.24297,37.89974],[-77.25023,37.87245],[-77.26218,37.86395],[-77.28029,37.84361],[-77.28834,37.84339],[-77.29073,37.83626],[-77.29926,37.82869],[-77.33012,37.80574],[-77.34557,37.7922],[-77.34522,37.78928],[-77.34934,37.78889],[-77.35307,37.79505],[-77.36233,37.79766],[-77.36662,37.79258],[-77.36275,37.78883],[-77.37069,37.78824],[-77.3747,37.77636],[-77.40428,37.77967],[-77.40341,37.78612],[-77.39404,37.78435],[-77.39085,37.78672],[-77.39831,37.79059],[-77.39533,37.80288],[-77.40204,37.80573],[-77.40645,37.80284],[-77.42285,37.8095],[-77.42062,37.81564],[-77.41304,37.8157],[-77.41373,37.8186],[-77.40947,37.82024],[-77.41197,37.82343],[-77.42574,37.82528],[-77.42827,37.82957],[-77.42813,37.8566],[-77.42458,37.86172],[-77.42092,37.85894],[-77.41871,37.86055],[-77.43322,37.87521],[-77.43629,37.88522],[-77.44254,37.88884],[-77.44482,37.89449],[-77.48402,37.8833],[-77.4924,37.88914],[-77.49353,37.89747],[-77.51855,37.90656],[-77.52888,37.9208],[-77.53706,37.92107],[-77.54534,37.91576],[-77.55672,37.9221],[-77.55519,37.92593],[-77.54617,37.92822],[-77.5564,37.93592],[-77.56262,37.93673],[-77.56648,37.94297],[-77.56417,37.94652],[-77.57047,37.95492],[-77.57673,37.95807],[-77.58094,37.9508],[-77.58911,37.9492],[-77.60444,37.9554],[-77.61618,37.94902],[-77.61857,37.95127],[-77.61387,37.95897],[-77.61901,37.96492],[-77.63245,37.9651],[-77.63088,37.97174],[-77.63629,37.97765],[-77.64349,37.97989],[-77.64252,37.99069],[-77.64794,37.99409],[-77.65956,37.99196],[-77.66081,37.9975],[-77.66721,37.997],[-77.67064,38.00338],[-77.67749,38.00659],[-77.69457,38.00712],[-77.7004,38.0127],[-77.71189,38.01272],[-77.71981,38.01704],[-77.72221,38.02324],[-77.73061,38.02084],[-77.72811,38.02714],[-77.73231,38.03164],[-77.73981,38.03294],[-77.74691,38.02364],[-77.74881,38.03674],[-77.74091,38.03774],[-77.74821,38.04214],[-77.74521,38.05114],[-77.74951,38.05284],[-77.75611,38.04824],[-77.76391,38.05314],[-77.76851,38.05174],[-77.77191,38.05744],[-77.78451,38.06334],[-77.78261,38.06854],[-77.78661,38.07634],[-77.81092,38.07954],[-77.81272,38.08514],[-77.81972,38.08784],[-77.81972,38.09244],[-77.83622,38.10114],[-77.83772,38.10604],[-77.84552,38.10434],[-77.84302,38.10104],[-77.84702,38.09844],[-77.85122,38.10434],[-77.85722,38.10004],[-77.85982,38.10524],[-77.87392,38.10634],[-77.88842,38.11314],[-77.90242,38.10814],[-77.91252,38.11154],[-77.91592,38.11814],[-77.93432,38.11401],[-77.94705,38.12004],[-77.9386,38.1334],[-77.93316,38.13766],[-77.92904,38.13586],[-77.92212,38.15176],[-77.91917,38.15165],[-77.9203,38.15467],[-77.916,38.15333],[-77.90822,38.16035],[-77.90065,38.15982],[-77.90211,38.166],[-77.89766,38.17114],[-77.8715,38.19103],[-77.87377,38.19269],[-77.87103,38.19828],[-77.87742,38.20219],[-77.85986,38.2006],[-77.8566,38.20319],[-77.8577,38.20648],[-77.85155,38.20903],[-77.85003,38.21578],[-77.83778,38.22402],[-77.83442,38.23164],[-77.82774,38.23],[-77.81981,38.24162],[-77.81447,38.24575],[-77.81137,38.24467],[-77.80742,38.25558],[-77.80552,38.2535],[-77.79292,38.25959],[-77.79423,38.26188],[-77.78722,38.26645],[-77.79109,38.26796],[-77.78106,38.27772],[-77.77078,38.28013],[-77.77142,38.28808],[-77.76695,38.28753],[-77.74198,38.31042],[-77.73933,38.32095],[-77.72733,38.3237],[-77.7198,38.33559],[-77.71449,38.33601],[-77.71915,38.34077],[-77.71261,38.34481],[-77.71488,38.34916],[-77.7107,38.35068],[-77.70916,38.35771],[-77.70516,38.35498],[-77.708,38.35874],[-77.70338,38.35845],[-77.70284,38.36084],[-77.69547,38.35642],[-77.67954,38.35991],[-77.6718,38.37032],[-77.64766,38.37778],[-77.64118,38.37716],[-77.63714,38.37187],[-77.64421,38.36665],[-77.64417,38.36181],[-77.63985,38.35915],[-77.63342,38.36018],[-77.62679,38.36885],[-77.61265,38.3643],[-77.61857,38.36736],[-77.62177,38.38891],[-77.63306,38.39374],[-77.63522,38.4153],[-77.63016,38.4213],[-77.63163,38.42827],[-77.62819,38.43354],[-77.63408,38.44508],[-77.62821,38.44996],[-77.63415,38.4663],[-77.56087,38.52706],[-77.53133,38.55655],[-77.49957,38.58031],[-77.49453,38.58884],[-77.48082,38.59258],[-77.47125,38.58949],[-77.46425,38.57873],[-77.44814,38.58117],[-77.44503,38.5758],[-77.43714,38.57318],[-77.43081,38.56637],[-77.42091,38.56363],[-77.42238,38.56149],[-77.41859,38.55874],[-77.39687,38.5472],[-77.39157,38.53659],[-77.38092,38.52969],[-77.38237,38.52634],[-77.37566,38.5265],[-77.37058,38.51961],[-77.36258,38.5208],[-77.33564,38.51469],[-77.32761,38.50685],[-77.30947,38.5008],[-77.31083,38.50498],[-77.29894,38.50513],[-77.30003,38.5106],[-77.29697,38.51212],[-77.29578,38.50738],[-77.30964,38.49564],[-77.31854,38.47444],[-77.3204,38.43522],[-77.32301,38.43345],[-77.31044,38.4001],[-77.30494,38.37527],[-77.29679,38.3705],[-77.28819,38.35938],[-77.2871,38.3488],[-77.27658,38.33788],[-77.2653,38.33316],[-77.24715,38.33152],[-77.20469,38.3411],[-77.17934,38.34191],[-77.15837,38.3485],[-77.13822,38.36792],[-77.08424,38.36874],[-77.07055,38.37815],[-77.05678,38.3962],[-77.04369,38.40102],[-77.01151,38.37456],[-77.01591,38.37102],[-77.0146,38.36305],[-77.01681,38.34169],[-77.01453,38.33262],[-77.03068,38.31162],[-77.02813,38.30532],[-77.01645,38.29884],[-76.99767,38.27805],[-77.00673,38.27738],[-76.98149,38.27461],[-76.96203,38.25689],[-76.95692,38.23747],[-76.96225,38.22989],[-76.94902,38.20842],[-76.93684,38.20238],[-76.91113,38.19736],[-76.87412,38.1721],[-76.85884,38.171],[-76.83838,38.16349],[-76.79989,38.16893],[-76.76397,38.16779],[-76.60543,38.14893],[-76.61038,38.14852],[-76.60172,38.12513],[-76.60047,38.11309],[-76.59616,38.10668],[-76.58157,38.09591],[-76.53646,38.0749],[-76.53419,38.06354],[-76.51616,38.04492],[-76.51637,38.03472],[-76.51661,38.02678],[-76.50836,38.02331],[-76.46501,38.01322],[-76.4339,37.98185],[-76.41293,37.96633],[-76.33971,37.94572],[-76.26181,37.90879],[-76.24791,37.89487],[-76.23657,37.89015],[-76.17569,37.67163],[-76.15171,37.58597],[-76.28231,37.58528],[-76.3103,37.59098]],[[-77.60308,38.34946],[-77.603,38.34969],[-77.61265,38.3643],[-77.60308,38.34946]],[[-77.31979,38.34627],[-77.30945,38.34508],[-77.2871,38.3488],[-77.31979,38.34627]],[[-77.37709,38.24067],[-77.37969,38.23841],[-77.44023,38.17732],[-77.37709,38.24067]],[[-77.3604,38.24242],[-77.37689,38.24995],[-77.37741,38.24972],[-77.3703,38.24658],[-77.3604,38.24242]],[[-77.33274,38.24584],[-77.32731,38.24467],[-77.342,38.25274],[-77.3428,38.25229],[-77.33274,38.24584]],[[-77.31919,38.24292],[-77.32669,38.24514],[-77.32776,38.24958],[-77.32691,38.24458],[-77.31919,38.24292]],[[-77.29492,38.24172],[-77.2983,38.24183],[-77.31073,38.23487],[-77.29492,38.24172]],[[-77.2919,38.24053],[-77.2924,38.24163],[-77.29289,38.24165],[-77.2919,38.24053]],[[-77.2944,38.22843],[-77.29406,38.2279],[-77.2904,38.23723],[-77.29067,38.23781],[-77.2944,38.22843]],[[-77.2914,38.22373],[-77.28835,38.22447],[-77.29153,38.22394],[-77.2914,38.22373]],[[-77.277,38.22723],[-77.2772,38.24243],[-77.27777,38.22704],[-77.277,38.22723]],[[-77.18809,38.1744],[-77.18348,38.17193],[-77.2198,38.19963],[-77.18809,38.1744]],[[-77.1745,38.16713],[-77.1658,38.16483],[-77.17977,38.16995],[-77.1745,38.16713]],[[-77.1503,38.16954],[-77.1535,38.16993],[-77.1658,38.16483],[-77.1503,38.16954]],[[-77.1289,38.16253],[-77.1462,38.16903],[-77.14673,38.1691],[-77.1289,38.16253]],[[-77.122,38.15223],[-77.11959,38.15131],[-77.1289,38.16253],[-77.122,38.15223]],[[-77.116,38.14993],[-77.11525,38.15037],[-77.11696,38.1503],[-77.116,38.14993]],[[-77.0914,38.16097],[-77.0956,38.16143],[-77.09698,38.16059],[-77.0914,38.16097]],[[-77.08453,38.15978],[-77.0846,38.16023],[-77.08575,38.16036],[-77.08453,38.15978]],[[-77.0822,38.14613],[-77.0738,38.14133],[-77.08223,38.14633],[-77.0822,38.14613]],[[-77.06887,38.15844],[-77.0691,38.15833],[-77.06906,38.15813],[-77.06887,38.15844]],[[-77.0603,38.16103],[-77.05219,38.14433],[-77.0583,38.15923],[-77.06471,38.16586],[-77.06289,38.17242],[-77.06413,38.172],[-77.06472,38.16579],[-77.06145,38.16203],[-77.06352,38.16103],[-77.0603,38.16103]],[[-77.05199,38.11263],[-77.0516,38.11239],[-77.05219,38.14433],[-77.05199,38.11263]],[[-77.03299,38.09223],[-77.03174,38.09232],[-77.03509,38.10203],[-77.03299,38.09223]],[[-77.01469,38.09353],[-77.01452,38.09378],[-77.01704,38.09336],[-77.01469,38.09353]],[[-77.00421,38.10855],[-77.00479,38.10833],[-77.01036,38.09973],[-77.00421,38.10855]],[[-76.99795,38.10961],[-76.99969,38.1103],[-77.00129,38.10968],[-76.99795,38.10961]],[[-76.92817,38.07374],[-76.93696,38.07707],[-76.98402,38.08749],[-76.92817,38.07374]],[[-76.91214,38.02832],[-76.91876,38.0511],[-76.92817,38.07374],[-76.91214,38.02832]],[[-76.93909,38.08521],[-76.9393,38.08526],[-76.93918,38.08517],[-76.93909,38.08521]],[[-76.63827,37.96556],[-76.63579,37.9663],[-76.63869,37.96568],[-76.63827,37.96556]],[[-76.62812,37.96858],[-76.63383,37.96854],[-76.6342,37.96677],[-76.62812,37.96858]],[[-76.61764,38.00058],[-76.63188,37.97779],[-76.63335,37.97082],[-76.61764,38.00058]],[[-76.51154,37.84975],[-76.51089,37.84784],[-76.51124,37.84965],[-76.51154,37.84975]],[[-76.54788,37.86764],[-76.53704,37.85832],[-76.54785,37.86773],[-76.54788,37.86764]],[[-76.56502,37.93403],[-76.5556,37.93102],[-76.55568,37.93119],[-76.56502,37.93403]],[[-76.57562,37.93741],[-76.57479,37.93715],[-76.58248,37.94402],[-76.57562,37.93741]],[[-76.59329,37.94844],[-76.58306,37.94454],[-76.58313,37.9446],[-76.59329,37.94844]],[[-76.60541,37.94903],[-76.60532,37.94903],[-76.6072,37.9529],[-76.60541,37.94903]],[[-76.36193,37.73633],[-76.36325,37.75141],[-76.36266,37.74031],[-76.36422,37.72926],[-76.36193,37.73633]],[[-76.34962,37.69737],[-76.34955,37.69535],[-76.34944,37.69525],[-76.34962,37.69737]],[[-76.34999,37.70124],[-76.34995,37.70121],[-76.34995,37.70122],[-76.34999,37.70124]],[[-76.36464,37.72798],[-76.37613,37.7132],[-76.36475,37.72763],[-76.36464,37.72798]],[[-77.15977,38.06429],[-77.16964,38.0799],[-77.1701,38.07954],[-77.15977,38.06429]],[[-77.07266,37.99474],[-77.07651,38.00064],[-77.07653,38.00065],[-77.07266,37.99474]],[[-77.07705,37.99015],[-77.06874,37.97186],[-77.06873,37.97193],[-77.077,37.99021],[-77.07705,37.99015]],[[-76.91313,38.01597],[-76.91331,38.01368],[-76.9054,38.00347],[-76.91313,38.01597]],[[-77.03364,38.26443],[-77.0349,38.25877],[-77.03467,38.25873],[-77.03364,38.26443]],[[-77.02819,38.26853],[-77.02871,38.26814],[-77.01449,38.26943],[-77.02819,38.26853]],[[-77.00727,38.27734],[-77.00739,38.27733],[-77.01449,38.26943],[-77.00727,38.27734]],[[-77.60012,38.33371],[-77.6041,38.3345],[-77.60239,38.33272],[-77.60012,38.33371]],[[-77.58467,38.34681],[-77.59666,38.33521],[-77.5948,38.33602],[-77.58467,38.34681]],[[-77.56915,38.34686],[-77.5706,38.34795],[-77.58467,38.34681],[-77.56915,38.34686]],[[-77.56685,38.34512],[-77.56846,38.34634],[-77.56848,38.33625],[-77.56685,38.34512]],[[-77.5506,38.32909],[-77.55216,38.32971],[-77.54794,38.32689],[-77.5506,38.32909]],[[-77.54488,38.32436],[-77.54615,38.32541],[-77.54281,38.31943],[-77.54488,38.32436]],[[-77.53028,38.30918],[-77.53243,38.30855],[-77.5299,38.30901],[-77.53942,38.31335],[-77.53907,38.31272],[-77.53028,38.30918]],[[-77.5148,38.30533],[-77.53262,38.30849],[-77.53269,38.30847],[-77.5148,38.30533]],[[-77.38878,38.2455],[-77.40553,38.2541],[-77.39085,38.24559],[-77.38878,38.2455]],[[-77.37987,38.24861],[-77.38697,38.24542],[-77.38454,38.24531],[-77.37987,38.24861]],[[-77.32158,38.33814],[-77.32028,38.34623],[-77.32064,38.3462],[-77.32158,38.33814]],[[-77.33396,38.31304],[-77.32671,38.31867],[-77.32672,38.31871],[-77.33396,38.31304]],[[-77.33947,38.30287],[-77.33617,38.30247],[-77.33947,38.30302],[-77.33947,38.30287]],[[-77.34311,38.26795],[-77.3474,38.27232],[-77.34744,38.27224],[-77.34311,38.26795]],[[-77.34467,38.26061],[-77.32869,38.2534],[-77.32872,38.25354],[-77.34456,38.26111],[-77.34467,38.26061]],[[-77.44739,38.28505],[-77.4642,38.31554],[-77.46636,38.31677],[-77.44739,38.28505]],[[-77.47245,38.32023],[-77.47368,38.32093],[-77.47411,38.32068],[-77.47245,38.32023]],[[-77.51238,38.32536],[-77.51252,38.32536],[-77.51464,38.32464],[-77.51238,38.32536]],[[-77.52716,38.32039],[-77.52764,38.32023],[-77.52663,38.31498],[-77.52716,38.32039]],[[-77.52612,38.30971],[-77.52621,38.31066],[-77.52804,38.30936],[-77.52612,38.30971]]]}},{"type":"Feature","properties":{"region_name":"Greater Richmond","region_slug":"greater-richmond","region_color":"#806682","locality_count":16},"geometry":{"type":"Polygon","coordinates":[[[-77.58713,36.89433],[-77.61903,36.87784],[-77.62598,36.88093],[-77.63108,36.88779],[-77.63756,36.88668],[-77.6385,36.88223],[-77.63213,36.8781],[-77.63394,36.87466],[-77.64029,36.87424],[-77.64784,36.88118],[-77.64545,36.88942],[-77.64893,36.89794],[-77.66391,36.89467],[-77.67607,36.90424],[-77.69462,36.90659],[-77.70089,36.91643],[-77.71519,36.9148],[-77.71508,36.92622],[-77.7231,36.93258],[-77.72781,36.94338],[-77.73798,36.94616],[-77.74107,36.95337],[-77.74637,36.95309],[-77.74561,36.95895],[-77.75557,36.95621],[-77.76176,36.96161],[-77.76203,36.96978],[-77.76554,36.97466],[-77.77797,36.97496],[-77.79431,36.98436],[-77.81011,36.98338],[-77.81944,36.98967],[-77.83264,36.99132],[-77.83983,36.99591],[-77.85018,36.99126],[-77.85069,36.98811],[-77.85211,36.99125],[-77.86229,36.99218],[-77.86503,36.98847],[-77.87208,36.99178],[-77.88981,36.98882],[-77.90034,37.14388],[-77.87589,37.14793],[-77.85562,37.16406],[-77.84572,37.16515],[-77.84169,37.16985],[-77.81597,37.16853],[-77.80606,37.17583],[-77.80507,37.18311],[-77.79945,37.1853],[-77.79332,37.19543],[-77.79512,37.19511],[-77.79598,37.19243],[-78.23123,37.29622],[-78.23354,37.36999],[-78.2406,37.37697],[-78.22034,37.38818],[-78.217,37.39796],[-78.20514,37.40918],[-78.20173,37.42633],[-78.18813,37.42591],[-78.185,37.44455],[-78.17064,37.44267],[-78.15845,37.45347],[-78.1497,37.45254],[-78.13984,37.45968],[-78.1318,37.45564],[-78.08754,37.62758],[-78.08795,37.63096],[-78.0911,37.63099],[-78.08714,37.63413],[-78.08647,37.63844],[-78.08958,37.63964],[-78.08319,37.64134],[-78.08409,37.64732],[-78.08028,37.64848],[-78.08019,37.65317],[-78.07238,37.65728],[-78.08429,37.6684],[-78.10489,37.67062],[-78.1099,37.67448],[-78.10892,37.68172],[-78.09052,37.69722],[-78.0938,37.70945],[-78.1042,37.71871],[-78.11698,37.72257],[-78.13469,37.73801],[-78.15933,37.74853],[-78.15182,37.77044],[-78.06492,37.90277],[-78.06331,37.90511],[-78.05557,37.90438],[-78.03724,37.89096],[-77.99775,37.87255],[-77.98764,37.86458],[-77.98869,37.85972],[-77.993,37.85929],[-77.9909,37.85746],[-77.97218,37.8522],[-77.94686,37.85265],[-77.94623,37.84324],[-77.94028,37.83805],[-77.93437,37.83793],[-77.91891,37.82532],[-77.90707,37.82192],[-77.90427,37.81524],[-77.90567,37.8087],[-77.89986,37.80848],[-77.89718,37.80293],[-77.90772,37.79198],[-77.9091,37.77628],[-77.90383,37.77701],[-77.90372,37.77295],[-77.89914,37.76943],[-77.89247,37.76955],[-77.89098,37.76243],[-77.88628,37.76415],[-77.8794,37.7597],[-77.88181,37.75721],[-77.86438,37.75438],[-77.85797,37.75952],[-77.8592,37.75405],[-77.84682,37.75197],[-77.84444,37.74904],[-77.83688,37.75173],[-77.81631,37.74529],[-77.81795,37.74371],[-77.81327,37.74252],[-77.8091,37.7362],[-77.78215,37.71976],[-77.79731,37.72936],[-77.7682,37.80296],[-77.76376,37.80288],[-77.75971,37.81148],[-77.75499,37.8412],[-77.74874,37.84742],[-77.75073,37.84978],[-77.74623,37.85478],[-77.73838,37.88152],[-77.73311,37.88519],[-77.73404,37.88993],[-77.68747,38.00781],[-77.68397,38.00816],[-77.67119,38.00381],[-77.66721,37.997],[-77.66081,37.9975],[-77.65956,37.99196],[-77.64256,37.99241],[-77.6433,37.97924],[-77.63637,37.97771],[-77.63088,37.97174],[-77.63245,37.9651],[-77.61929,37.96523],[-77.61387,37.95897],[-77.61857,37.95127],[-77.61618,37.94902],[-77.60444,37.9554],[-77.58911,37.9492],[-77.58094,37.9508],[-77.57673,37.95807],[-77.57047,37.95492],[-77.56417,37.94652],[-77.56648,37.94297],[-77.56262,37.93673],[-77.5564,37.93592],[-77.54617,37.92822],[-77.55519,37.92593],[-77.55672,37.9221],[-77.54534,37.91576],[-77.53706,37.92107],[-77.52888,37.9208],[-77.51855,37.90656],[-77.49353,37.89747],[-77.4924,37.88914],[-77.48417,37.88337],[-77.44482,37.89449],[-77.44254,37.88884],[-77.43629,37.88522],[-77.43322,37.87521],[-77.41871,37.86055],[-77.42092,37.85894],[-77.42458,37.86172],[-77.42813,37.8566],[-77.42827,37.82957],[-77.42574,37.82528],[-77.41197,37.82343],[-77.40947,37.82024],[-77.41373,37.8186],[-77.41304,37.8157],[-77.42062,37.81564],[-77.42285,37.8095],[-77.40645,37.80284],[-77.40204,37.80573],[-77.39533,37.80288],[-77.39831,37.79059],[-77.39085,37.78672],[-77.39404,37.78435],[-77.40341,37.78612],[-77.40475,37.77991],[-77.3747,37.77636],[-77.37069,37.78824],[-77.36275,37.78883],[-77.36662,37.79258],[-77.36233,37.79766],[-77.35307,37.79505],[-77.34934,37.78889],[-77.34527,37.78969],[-77.34557,37.7922],[-77.29073,37.83626],[-77.28834,37.84339],[-77.27931,37.84436],[-77.26218,37.86395],[-77.25023,37.87245],[-77.24297,37.89974],[-77.24556,37.90435],[-77.24142,37.90971],[-77.23079,37.90733],[-77.22652,37.89866],[-77.21969,37.90389],[-77.21149,37.90116],[-77.21092,37.89667],[-77.21627,37.89099],[-77.20882,37.88571],[-77.20439,37.8871],[-77.20891,37.8886],[-77.20519,37.89199],[-77.19867,37.88825],[-77.19209,37.89177],[-77.1864,37.8895],[-77.18221,37.89212],[-77.18062,37.89081],[-77.17955,37.89717],[-77.18675,37.89832],[-77.18696,37.90109],[-77.18207,37.90453],[-77.17919,37.90081],[-77.17468,37.90363],[-77.18644,37.91134],[-77.18297,37.91424],[-77.17879,37.92887],[-77.18397,37.94152],[-77.17879,37.94654],[-77.18102,37.95103],[-77.16567,37.96501],[-77.15677,37.96615],[-77.14841,37.97203],[-77.10637,37.97163],[-77.09534,37.96369],[-77.08037,37.96874],[-77.0723,37.96831],[-77.06428,37.95841],[-77.07304,37.94616],[-77.05907,37.94294],[-77.05503,37.93102],[-77.03362,37.92528],[-77.03265,37.9171],[-77.02846,37.91532],[-77.02921,37.9116],[-77.02405,37.90494],[-77.0308,37.89843],[-77.02884,37.89389],[-77.03174,37.89123],[-77.02029,37.88576],[-77.02491,37.88158],[-77.02292,37.87959],[-77.03996,37.87668],[-77.04297,37.87241],[-77.0412,37.86903],[-77.0202,37.86105],[-77.019,37.84488],[-77.00638,37.83714],[-76.99262,37.83459],[-76.98277,37.83945],[-76.96988,37.82859],[-76.94521,37.82817],[-76.94545,37.81111],[-76.94128,37.80277],[-76.94322,37.78296],[-76.92238,37.7945],[-76.90645,37.79624],[-76.88855,37.79064],[-76.88342,37.78352],[-76.87767,37.7821],[-76.85708,37.78919],[-76.84263,37.79804],[-76.82069,37.79246],[-76.80252,37.7948],[-76.79201,37.78766],[-76.7895,37.7712],[-76.77208,37.76232],[-76.7555,37.74391],[-76.74939,37.7203],[-76.75107,37.71166],[-76.74725,37.70577],[-76.73268,37.68826],[-76.72532,37.69201],[-76.72841,37.67571],[-76.72256,37.67372],[-76.72133,37.66431],[-76.71684,37.66065],[-76.71842,37.65808],[-76.70677,37.65283],[-76.70586,37.64412],[-76.69565,37.63864],[-76.69582,37.63049],[-76.68307,37.61785],[-76.67287,37.61507],[-76.66126,37.60523],[-76.65408,37.60317],[-76.66932,37.52851],[-76.66765,37.52035],[-76.64783,37.49564],[-76.64856,37.4868],[-76.64537,37.48586],[-76.64709,37.48068],[-76.65152,37.48074],[-76.64914,37.47684],[-76.65235,37.47635],[-76.65196,37.47252],[-76.65552,37.47381],[-76.65397,37.47092],[-76.66262,37.46178],[-76.66178,37.45819],[-76.6682,37.45546],[-76.67399,37.46132],[-76.68528,37.45338],[-76.68701,37.44788],[-76.70214,37.45052],[-76.70472,37.44804],[-76.70413,37.44054],[-76.71231,37.43131],[-76.72759,37.44416],[-76.75169,37.48394],[-76.75598,37.48715],[-76.74198,37.46708],[-76.75679,37.46172],[-76.75637,37.45643],[-76.76045,37.4586],[-76.76055,37.4524],[-76.76364,37.45419],[-76.7658,37.45165],[-76.75799,37.4455],[-76.76154,37.44647],[-76.76257,37.44453],[-76.75914,37.44417],[-76.76403,37.44291],[-76.76443,37.43695],[-76.76816,37.43922],[-76.7705,37.43493],[-76.77058,37.439],[-76.77689,37.43392],[-76.78706,37.43814],[-76.79254,37.43549],[-76.80816,37.44551],[-76.82413,37.45073],[-76.85679,37.44814],[-76.86607,37.44164],[-76.87736,37.44005],[-76.89173,37.43267],[-76.89543,37.42804],[-76.89038,37.42004],[-76.89474,37.41472],[-76.89415,37.40023],[-76.90087,37.39505],[-76.90005,37.3916],[-76.89286,37.38873],[-76.89216,37.38338],[-76.89831,37.38253],[-76.9002,37.38576],[-76.90447,37.37766],[-76.91885,37.38552],[-76.89779,37.3738],[-76.90961,37.36532],[-76.91586,37.35261],[-76.90798,37.34901],[-76.89952,37.35903],[-76.88477,37.36857],[-76.8771,37.36919],[-76.87351,37.36342],[-76.88052,37.35117],[-76.87363,37.34256],[-76.87662,37.33322],[-76.87469,37.32043],[-76.88001,37.30987],[-76.8716,37.29635],[-76.88083,37.28726],[-76.88308,37.27592],[-76.87321,37.25811],[-76.88636,37.24605],[-76.88316,37.22306],[-76.91708,37.22436],[-76.93628,37.22997],[-76.97311,37.24955],[-76.97244,37.2485],[-76.99349,37.23652],[-77.00173,37.23869],[-77.00382,37.23206],[-77.0123,37.23288],[-77.01314,37.22517],[-77.01881,37.21959],[-77.01178,37.21241],[-77.01788,37.20696],[-77.02395,37.20711],[-77.02407,37.20103],[-77.02909,37.20181],[-77.03149,37.19867],[-77.03501,37.20323],[-77.04382,37.20228],[-77.04631,37.19851],[-77.04336,37.19279],[-77.05844,37.19092],[-77.07274,37.1846],[-77.07706,37.17402],[-77.08778,37.16907],[-77.13939,37.12645],[-77.15541,37.11203],[-77.18907,37.09799],[-77.3985,36.99298],[-77.58713,36.89433]],[[-77.40056,37.17134],[-77.4049,37.17152],[-77.40752,37.16944],[-77.40056,37.17134]],[[-77.39464,37.03573],[-77.3992,37.17085],[-77.39829,37.17124],[-77.39926,37.17128],[-77.39464,37.03573]],[[-77.33115,37.79075],[-77.33124,37.79152],[-77.33164,37.79146],[-77.33115,37.79075]],[[-77.33741,37.76479],[-77.3373,37.76426],[-77.32172,37.76995],[-77.33741,37.76479]],[[-77.33554,37.75604],[-77.33473,37.75545],[-77.33614,37.75887],[-77.33554,37.75604]],[[-77.33156,37.75313],[-77.32431,37.75365],[-77.33348,37.75453],[-77.33156,37.75313]],[[-77.30396,37.75511],[-77.30412,37.7553],[-77.30584,37.75498],[-77.30396,37.75511]],[[-77.30209,37.75229],[-77.30197,37.75286],[-77.30302,37.75405],[-77.30209,37.75229]],[[-77.3038,37.7444],[-77.30376,37.74443],[-77.30374,37.74455],[-77.3038,37.7444]],[[-77.3078,37.74146],[-77.30742,37.74139],[-77.3048,37.74356],[-77.3078,37.74146]],[[-77.31215,37.74413],[-77.3207,37.74369],[-77.3084,37.74156],[-77.31215,37.74413]],[[-77.14173,37.66528],[-77.14095,37.66555],[-77.14055,37.66828],[-77.14173,37.66528]],[[-77.10988,37.66179],[-77.11004,37.66344],[-77.11075,37.66319],[-77.10988,37.66179]],[[-77.11771,37.64309],[-77.10911,37.65383],[-77.10936,37.65645],[-77.11771,37.64309]],[[-77.12959,37.63556],[-77.12916,37.63492],[-77.11431,37.6367],[-77.12959,37.63556]],[[-77.12367,37.62688],[-77.12483,37.62584],[-77.12104,37.62555],[-77.12792,37.63311],[-77.12367,37.62688]],[[-77.13386,37.62632],[-77.13356,37.61949],[-77.13366,37.62627],[-77.13386,37.62632]],[[-77.1504,37.59152],[-77.14039,37.5922],[-77.14039,37.59223],[-77.1504,37.59152]],[[-77.2318,37.53959],[-77.23185,37.53964],[-77.23218,37.53958],[-77.2318,37.53959]],[[-77.22674,37.53399],[-77.22666,37.53397],[-77.22896,37.53648],[-77.22674,37.53399]],[[-77.22117,37.53282],[-77.22124,37.53323],[-77.22591,37.53381],[-77.22117,37.53282]],[[-77.22197,37.40819],[-77.17732,37.4906],[-77.17126,37.48724],[-77.1771,37.49114],[-77.22197,37.40819]],[[-77.24862,37.39485],[-77.24869,37.39476],[-77.23454,37.38153],[-77.24862,37.39485]],[[-77.24835,37.3826],[-77.24941,37.38173],[-77.24753,37.37981],[-77.24835,37.38369],[-77.25404,37.38732],[-77.24835,37.3826]],[[-77.24574,37.36602],[-77.24484,37.36707],[-77.24614,37.37322],[-77.24574,37.36602]],[[-77.26711,37.34005],[-77.2679,37.33576],[-77.26538,37.34207],[-77.26711,37.34005]],[[-77.27068,37.32076],[-77.27272,37.32044],[-77.26698,37.3175],[-77.27013,37.32371],[-77.27068,37.32076]],[[-77.28195,37.31901],[-77.28205,37.31873],[-77.27987,37.31933],[-77.28195,37.31901]],[[-77.28728,37.31685],[-77.2816,37.30994],[-77.28402,37.31301],[-77.28728,37.31685]],[[-77.27723,37.31728],[-77.27805,37.31745],[-77.2816,37.30994],[-77.27723,37.31728]],[[-77.29584,37.31016],[-77.29537,37.30952],[-77.2965,37.31266],[-77.29584,37.31016]],[[-77.32036,37.30896],[-77.31872,37.30833],[-77.29761,37.31254],[-77.32036,37.30896]],[[-77.33967,37.31509],[-77.33567,37.31304],[-77.33581,37.31224],[-77.33543,37.31336],[-77.33967,37.31509]],[[-77.35252,37.31017],[-77.35257,37.30986],[-77.35195,37.31039],[-77.35252,37.31017]],[[-77.35757,37.2805],[-77.35271,37.29796],[-77.35283,37.30832],[-77.35757,37.2805]],[[-77.37297,37.26824],[-77.37329,37.26733],[-77.35757,37.2805],[-77.37297,37.26824]],[[-77.37933,37.24271],[-77.37646,37.24472],[-77.37678,37.24485],[-77.37933,37.24271]],[[-77.39007,37.23842],[-77.38577,37.23819],[-77.38486,37.23883],[-77.39007,37.23842]],[[-77.40251,37.23744],[-77.40273,37.23607],[-77.40227,37.23746],[-77.40251,37.23744]],[[-77.40055,37.24015],[-77.40431,37.23756],[-77.40293,37.23801],[-77.40055,37.24015]],[[-77.38495,37.24133],[-77.38241,37.24363],[-77.40055,37.24015],[-77.38495,37.24133]],[[-77.38029,37.24554],[-77.37808,37.27046],[-77.38152,37.24442],[-77.38029,37.24554]],[[-77.36232,37.28216],[-77.36275,37.28335],[-77.37808,37.27046],[-77.36232,37.28216]],[[-77.43179,37.27591],[-77.43156,37.27557],[-77.42311,37.27446],[-77.43179,37.27591]],[[-77.41532,37.26318],[-77.4153,37.26375],[-77.41873,37.26597],[-77.41532,37.26318]],[[-77.41683,37.23345],[-77.41649,37.23357],[-77.41606,37.24462],[-77.41683,37.23345]],[[-77.43905,37.22424],[-77.43322,37.22506],[-77.43084,37.22744],[-77.43905,37.22424]],[[-77.49256,37.22492],[-77.44741,37.22307],[-77.44385,37.22357],[-77.49256,37.22492]],[[-78.12737,37.45325],[-78.12752,37.4533],[-78.12429,37.4454],[-78.12737,37.45325]],[[-78.10115,37.44845],[-78.10169,37.44838],[-78.10118,37.44822],[-78.10115,37.44845]],[[-78.099,37.44074],[-78.10203,37.44274],[-78.09928,37.44047],[-78.099,37.44074]],[[-78.09467,37.44491],[-78.0951,37.44445],[-78.09468,37.44485],[-78.09467,37.44491]],[[-78.09229,37.45582],[-78.09231,37.45571],[-78.09057,37.45648],[-78.09229,37.45582]],[[-78.07038,37.45315],[-78.08808,37.45744],[-78.08841,37.45731],[-78.07441,37.45235],[-78.07038,37.45315]],[[-78.06066,37.45556],[-78.06167,37.45488],[-78.06083,37.45505],[-78.06066,37.45556]],[[-78.04933,37.47226],[-78.0578,37.46401],[-78.04797,37.47223],[-78.04933,37.47226]],[[-77.86594,37.45631],[-77.86653,37.45636],[-77.86857,37.447],[-77.86594,37.45631]],[[-77.85866,37.42238],[-77.85607,37.43195],[-77.85888,37.42264],[-77.85866,37.42238]],[[-77.85635,37.41633],[-77.85368,37.41832],[-77.85771,37.42127],[-77.85506,37.41817],[-77.85635,37.41633]],[[-77.83412,37.42256],[-77.84761,37.41551],[-77.84684,37.4151],[-77.83412,37.42256]],[[-77.80919,37.42611],[-77.80887,37.42669],[-77.83412,37.42256],[-77.80919,37.42611]],[[-77.80504,37.43755],[-77.80761,37.42897],[-77.79852,37.4455],[-77.80504,37.43755]],[[-77.73274,37.50602],[-77.79784,37.45896],[-77.65624,37.56085],[-77.73274,37.50602]],[[-77.6429,37.55898],[-77.64802,37.55949],[-77.64773,37.55931],[-77.6429,37.55898]],[[-77.58523,37.55839],[-77.60146,37.55616],[-77.59546,37.55575],[-77.58523,37.55839]],[[-77.58145,37.55891],[-77.58489,37.55844],[-77.56057,37.55554],[-77.58145,37.55891]],[[-77.38551,37.53517],[-77.39342,37.53857],[-77.39325,37.5373],[-77.38551,37.53517]],[[-77.38604,37.52894],[-77.38603,37.52894],[-77.38551,37.53517],[-77.38604,37.52894]],[[-77.41865,37.46127],[-77.42283,37.49619],[-77.42182,37.47268],[-77.41865,37.46127]],[[-77.41752,37.4518],[-77.41803,37.45608],[-77.41864,37.44973],[-77.41752,37.4518]],[[-77.42088,37.44764],[-77.4286,37.43463],[-77.42818,37.43215],[-77.41999,37.44724],[-77.43549,37.45748],[-77.42088,37.44764]],[[-77.4229,37.42449],[-77.42772,37.42937],[-77.4273,37.42688],[-77.4229,37.42449]],[[-77.41404,37.41974],[-77.41423,37.4198],[-77.41409,37.41972],[-77.41404,37.41974]],[[-77.40367,37.41818],[-77.4062,37.42306],[-77.40676,37.41997],[-77.40367,37.41818]],[[-77.4016,37.42055],[-77.40164,37.42059],[-77.40337,37.418],[-77.40321,37.41791],[-77.4016,37.42055]],[[-77.40572,37.42328],[-77.40176,37.42071],[-77.40359,37.42257],[-77.40572,37.42328]],[[-77.28348,37.35225],[-77.30578,37.35778],[-77.28645,37.35197],[-77.28348,37.35225]],[[-77.26865,37.35748],[-77.27263,37.35326],[-77.26865,37.3574],[-77.26865,37.35748]],[[-77.63058,37.26988],[-77.63157,37.26939],[-77.62123,37.26667],[-77.6208,37.26693],[-77.63058,37.26988]],[[-77.61299,37.27039],[-77.61066,37.26925],[-77.61255,37.27061],[-77.61299,37.27039]],[[-77.60503,37.26517],[-77.60312,37.26331],[-77.60328,37.26391],[-77.60503,37.26517]],[[-77.60049,37.25368],[-77.58973,37.24649],[-77.5845,37.24614],[-77.60049,37.25368]],[[-77.58372,37.24577],[-77.58222,37.24385],[-77.58315,37.2455],[-77.58372,37.24577]],[[-77.57722,37.23742],[-77.57671,37.23677],[-77.57588,37.23702],[-77.57722,37.23742]],[[-77.55908,37.22504],[-77.55881,37.22464],[-77.53612,37.22634],[-77.55908,37.22504]],[[-77.52623,37.22276],[-77.52162,37.21699],[-77.52127,37.21708],[-77.52623,37.22276]],[[-77.85752,37.41545],[-77.86354,37.41591],[-77.85874,37.41454],[-77.85752,37.41545]],[[-77.86794,37.39365],[-77.87298,37.39205],[-77.8674,37.39284],[-77.86794,37.39365]],[[-77.87564,37.36415],[-77.87548,37.36299],[-77.86095,37.3622],[-77.87564,37.36415]],[[-77.78598,37.29706],[-77.77206,37.28712],[-77.77259,37.28761],[-77.78598,37.29706]],[[-77.77055,37.28574],[-77.76799,37.27509],[-77.76911,37.28442],[-77.77055,37.28574]],[[-77.76211,37.26998],[-77.76072,37.26984],[-77.76799,37.27509],[-77.76211,37.26998]],[[-77.75086,37.26886],[-77.74119,37.26789],[-77.74019,37.26867],[-77.75086,37.26886]],[[-77.73968,37.26907],[-77.73802,37.27036],[-77.73552,37.28419],[-77.73968,37.26907]],[[-77.7156,37.28741],[-77.71616,37.2961],[-77.71697,37.29543],[-77.7156,37.28741]],[[-77.71453,37.29747],[-77.70917,37.29933],[-77.71169,37.29983],[-77.71453,37.29747]],[[-77.70516,37.29854],[-77.70256,37.29683],[-77.70345,37.2982],[-77.70516,37.29854]],[[-77.68175,37.29212],[-77.66808,37.29245],[-77.66822,37.29281],[-77.68175,37.29212]],[[-77.65062,37.26512],[-77.65061,37.26511],[-77.64287,37.26373],[-77.65062,37.26512]],[[-77.74769,37.19273],[-77.78392,37.19711],[-77.7918,37.1957],[-77.74769,37.19273]],[[-77.48972,37.45575],[-77.48242,37.4612],[-77.49098,37.4566],[-77.48972,37.45575]],[[-77.5093,37.46926],[-77.50847,37.4689],[-77.51,37.47074],[-77.5093,37.46926]],[[-77.5268,37.50617],[-77.52483,37.50202],[-77.52685,37.5069],[-77.5268,37.50617]],[[-77.61658,37.57853],[-77.6163,37.57857],[-77.61819,37.58881],[-77.61658,37.57853]],[[-77.65076,37.62918],[-77.65488,37.63817],[-77.65489,37.63815],[-77.65076,37.62918]],[[-77.63082,37.70569],[-77.63068,37.70607],[-77.66011,37.71032],[-77.63082,37.70569]],[[-77.55069,37.68628],[-77.54349,37.68462],[-77.54345,37.68465],[-77.55069,37.68628]],[[-77.52216,37.70018],[-77.52097,37.69869],[-77.52209,37.70022],[-77.52216,37.70018]],[[-77.51144,37.70178],[-77.52011,37.6976],[-77.5201,37.69759],[-77.51133,37.70178],[-77.51144,37.70178]],[[-77.51091,37.70177],[-77.49468,37.70104],[-77.49489,37.70153],[-77.51091,37.70177]],[[-77.47859,37.68089],[-77.47855,37.68087],[-77.47606,37.68329],[-77.47859,37.68089]],[[-77.47151,37.68761],[-77.46225,37.67994],[-77.47145,37.68767],[-77.47151,37.68761]],[[-77.46014,37.67819],[-77.46013,37.67819],[-77.4601,37.6782],[-77.46014,37.67819]],[[-77.44981,37.6824],[-77.4468,37.68363],[-77.44873,37.68443],[-77.44981,37.6824]],[[-77.44479,37.68279],[-77.44265,37.68022],[-77.44313,37.6821],[-77.44479,37.68279]],[[-77.43953,37.66808],[-77.43079,37.65816],[-77.43079,37.65818],[-77.43953,37.66808]],[[-77.30575,37.56096],[-77.30551,37.56084],[-77.29194,37.56083],[-77.30575,37.56096]],[[-77.24947,37.54111],[-77.24661,37.53924],[-77.24435,37.53929],[-77.24947,37.54111]],[[-78.07048,37.65551],[-78.06465,37.64904],[-78.06293,37.64847],[-78.07048,37.65551]],[[-78.05661,37.64637],[-78.04773,37.64341],[-78.04601,37.64335],[-78.05661,37.64637]],[[-77.9489,37.63019],[-77.94751,37.6311],[-77.94533,37.63573],[-77.9489,37.63019]],[[-77.94384,37.6389],[-77.94362,37.63936],[-77.94469,37.64336],[-77.94384,37.6389]],[[-77.94545,37.64619],[-77.94549,37.64634],[-77.94628,37.6473],[-77.94545,37.64619]],[[-77.95537,37.65949],[-77.95501,37.66251],[-77.95597,37.66029],[-77.95537,37.65949]],[[-77.95114,37.67149],[-77.94515,37.6802],[-77.95001,37.67412],[-77.95114,37.67149]],[[-77.92339,37.69066],[-77.92621,37.69035],[-77.94515,37.6802],[-77.92339,37.69066]],[[-77.91908,37.69115],[-77.91204,37.68957],[-77.91626,37.69146],[-77.91908,37.69115]],[[-77.91053,37.6889],[-77.89729,37.66818],[-77.91027,37.68878],[-77.91053,37.6889]],[[-77.82289,37.62397],[-77.82305,37.62416],[-77.82503,37.61392],[-77.82423,37.6131],[-77.82289,37.62397]],[[-77.82228,37.6111],[-77.81982,37.60859],[-77.81551,37.60691],[-77.82228,37.6111]],[[-77.81469,37.60659],[-77.81421,37.6064],[-77.79252,37.6126],[-77.81469,37.60659]],[[-77.79207,37.61272],[-77.76327,37.61206],[-77.79203,37.61273],[-77.79207,37.61272]],[[-77.22348,37.31949],[-77.22611,37.31796],[-77.2226,37.31934],[-77.22348,37.31949]],[[-77.12511,37.30292],[-77.22004,37.31891],[-77.18755,37.31146],[-77.12511,37.30292]],[[-77.00186,37.30357],[-77.00984,37.30534],[-77.01006,37.30523],[-76.99526,37.29921],[-77.00186,37.30357]],[[-76.99091,37.29634],[-76.99213,37.29714],[-76.99136,37.27801],[-76.99091,37.29634]],[[-77.33704,37.30515],[-77.33728,37.30377],[-77.33565,37.30261],[-77.33704,37.30515]],[[-77.26051,37.28299],[-77.26033,37.28299],[-77.26093,37.28735],[-77.26051,37.28299]],[[-77.26096,37.28765],[-77.26096,37.28764],[-77.25275,37.29303],[-77.25282,37.29365],[-77.26096,37.28765]],[[-77.25293,37.29462],[-77.25312,37.29631],[-77.26076,37.30211],[-77.25293,37.29462]],[[-77.27171,37.31259],[-77.27339,37.3165],[-77.27645,37.31712],[-77.27171,37.31259]],[[-77.36142,37.23892],[-77.36854,37.24167],[-77.3611,37.23844],[-77.36142,37.23892]],[[-77.36096,37.23822],[-77.36234,37.23676],[-77.35171,37.22425],[-77.36096,37.23822]],[[-77.35433,37.22203],[-77.3544,37.22197],[-77.35425,37.22189],[-77.35433,37.22203]],[[-77.10603,37.62424],[-77.09677,37.61688],[-77.10573,37.62423],[-77.10603,37.62424]],[[-77.091,37.60434],[-77.09101,37.60413],[-77.0898,37.60329],[-77.091,37.60434]],[[-77.07275,37.59695],[-77.08235,37.59814],[-77.08013,37.5966],[-77.07279,37.5969],[-77.07275,37.59695]],[[-77.07169,37.59828],[-77.06734,37.60377],[-77.06795,37.60399],[-77.07169,37.59828]],[[-77.06412,37.60258],[-77.05191,37.59728],[-77.054,37.59884],[-77.06412,37.60258]],[[-76.98116,37.56711],[-76.98171,37.57318],[-76.98247,37.57349],[-76.98116,37.56711]],[[-76.9919,37.58147],[-76.99212,37.58102],[-76.96931,37.58534],[-76.97607,37.58593],[-76.9919,37.58147]],[[-76.96619,37.58507],[-76.96365,37.5814],[-76.96531,37.58499],[-76.96619,37.58507]],[[-76.97533,37.54452],[-76.97624,37.54396],[-76.97511,37.5436],[-76.97533,37.54452]],[[-76.95806,37.5382],[-76.94904,37.53534],[-76.94769,37.53609],[-76.95806,37.5382]],[[-76.94612,37.53697],[-76.94453,37.53785],[-76.94361,37.55357],[-76.94612,37.53697]],[[-76.94282,37.55884],[-76.94131,37.56013],[-76.94271,37.55955],[-76.94282,37.55884]],[[-76.91933,37.5692],[-76.91685,37.56908],[-76.9186,37.5695],[-76.91933,37.5692]],[[-76.90488,37.56621],[-76.90332,37.5646],[-76.90312,37.56579],[-76.90488,37.56621]],[[-76.90534,37.54989],[-76.90546,37.54926],[-76.90406,37.54883],[-76.90534,37.54989]],[[-76.89763,37.54684],[-76.89386,37.54567],[-76.8847,37.54982],[-76.89763,37.54684]],[[-76.87474,37.55433],[-76.87314,37.55506],[-76.87373,37.55649],[-76.87474,37.55433]],[[-76.87799,37.56678],[-76.88175,37.57586],[-76.8825,37.57555],[-76.87799,37.56678]],[[-76.86906,37.58114],[-76.86549,37.5806],[-76.86848,37.58138],[-76.86906,37.58114]],[[-76.85744,37.57851],[-76.85573,37.57674],[-76.85624,37.5782],[-76.85744,37.57851]],[[-76.85429,37.57258],[-76.85474,37.56886],[-76.85374,37.57098],[-76.85429,37.57258]],[[-76.83194,37.54101],[-76.82636,37.55109],[-76.82693,37.55089],[-76.83194,37.54101]],[[-76.82516,37.55151],[-76.82008,37.55133],[-76.82259,37.5524],[-76.82516,37.55151]],[[-76.81804,37.55047],[-76.81907,37.55091],[-76.79984,37.52312],[-76.79698,37.52105],[-76.81804,37.55047]],[[-76.76454,37.49356],[-76.78979,37.50527],[-76.78952,37.50386],[-76.75886,37.48931],[-76.76454,37.49356]],[[-76.92816,37.39844],[-76.92914,37.3987],[-76.93329,37.38799],[-76.92816,37.39844]],[[-76.94485,37.38394],[-76.94374,37.38433],[-76.94492,37.38539],[-76.94485,37.38394]],[[-76.93764,37.40256],[-76.93685,37.40342],[-76.94083,37.40988],[-76.93764,37.40256]],[[-77.09604,37.44029],[-77.07023,37.43996],[-77.09605,37.44031],[-77.09604,37.44029]],[[-77.16081,37.4753],[-77.14179,37.47629],[-77.16076,37.47549],[-77.16081,37.4753]],[[-77.16976,37.48083],[-77.15778,37.48604],[-77.16979,37.48096],[-77.16976,37.48083]],[[-77.18007,37.89036],[-77.17859,37.88914],[-77.17654,37.89267],[-77.18007,37.89036]],[[-77.17277,37.89149],[-77.17247,37.8914],[-77.17328,37.89525],[-77.17277,37.89149]],[[-77.14909,37.88165],[-77.16414,37.88341],[-77.1495,37.88045],[-77.14909,37.88165]],[[-77.1632,37.87248],[-77.16424,37.86627],[-77.16355,37.8665],[-77.1632,37.87248]],[[-77.13342,37.8658],[-77.13405,37.86573],[-77.1336,37.86556],[-77.13342,37.8658]],[[-77.07436,37.77381],[-77.07436,37.77446],[-77.07678,37.77805],[-77.07877,37.77786],[-77.07436,37.77381]],[[-77.07433,37.76733],[-77.07435,37.77108],[-77.07598,37.76548],[-77.07433,37.76733]],[[-77.07695,37.76439],[-77.07612,37.76532],[-77.08026,37.76563],[-77.07695,37.76439]],[[-77.08954,37.75519],[-77.08306,37.74787],[-77.08288,37.74788],[-77.08954,37.75519]],[[-76.78618,37.52518],[-76.78876,37.53702],[-76.78688,37.5243],[-76.78618,37.52518]]]}},{"type":"Feature","properties":{"region_name":"Hampton Roads","region_slug":"hampton-roads","region_color":"#3978A8","locality_count":18},"geometry":{"type":"Polygon","coordinates":[[[-76.4915,36.55065],[-76.9159,36.55215],[-76.91623,36.55232],[-76.91598,36.54388],[-77.15292,36.54413],[-77.17054,36.54728],[-77.20654,36.54437],[-77.29681,36.54486],[-77.30195,36.54839],[-77.312,36.54693],[-77.31215,36.55171],[-77.31507,36.54896],[-77.32232,36.55034],[-77.32302,36.55584],[-77.32586,36.55372],[-77.33214,36.55787],[-77.33063,36.55468],[-77.33563,36.55472],[-77.3358,36.5508],[-77.34332,36.55377],[-77.34807,36.55044],[-77.35121,36.55471],[-77.35507,36.55418],[-77.35777,36.56447],[-77.3611,36.56493],[-77.36156,36.57612],[-77.35856,36.57621],[-77.35561,36.58283],[-77.35831,36.58747],[-77.35559,36.59076],[-77.35983,36.59267],[-77.35722,36.60038],[-77.36439,36.60156],[-77.3627,36.60688],[-77.36639,36.60491],[-77.37132,36.60709],[-77.37175,36.61401],[-77.36757,36.61387],[-77.37585,36.62084],[-77.37324,36.62216],[-77.37655,36.62406],[-77.37224,36.6264],[-77.37345,36.62996],[-77.38261,36.63327],[-77.38655,36.62966],[-77.38683,36.64216],[-77.3904,36.63887],[-77.39657,36.6467],[-77.39853,36.64441],[-77.39934,36.64716],[-77.40699,36.64748],[-77.41538,36.65417],[-77.41865,36.65179],[-77.4196,36.65456],[-77.42388,36.65249],[-77.42926,36.65529],[-77.43105,36.65179],[-77.43759,36.65511],[-77.4388,36.65017],[-77.4428,36.65201],[-77.44735,36.6497],[-77.45805,36.65124],[-77.4564,36.65565],[-77.46345,36.65209],[-77.46936,36.66014],[-77.47703,36.66142],[-77.47515,36.6652],[-77.4776,36.6691],[-77.48403,36.66655],[-77.49325,36.67203],[-77.49456,36.66764],[-77.50192,36.67051],[-77.3448,36.75259],[-77.2497,36.79555],[-77.06992,36.88457],[-76.84991,36.9953],[-76.84968,36.99621],[-76.80914,37.01428],[-76.83758,37.00224],[-76.95355,36.94445],[-76.96607,37.00015],[-76.96956,37.04016],[-76.96362,37.04312],[-76.9652,37.05451],[-76.97759,37.05071],[-76.98313,37.05375],[-76.98468,37.04965],[-77.00307,37.05144],[-77.00627,37.05817],[-77.01467,37.0579],[-77.01675,37.06126],[-77.03351,37.06646],[-77.0358,37.0701],[-77.04462,37.0702],[-77.04962,37.0626],[-77.06861,37.06793],[-77.07561,37.06651],[-77.07852,37.06848],[-77.07547,37.07232],[-77.08001,37.08489],[-77.08824,37.08253],[-77.0937,37.08633],[-77.1023,37.08433],[-77.11188,37.10081],[-77.12871,37.0971],[-77.13922,37.10415],[-77.14894,37.10159],[-77.15336,37.10454],[-77.15609,37.11318],[-77.08778,37.16907],[-77.07706,37.17402],[-77.07274,37.1846],[-77.05844,37.19092],[-77.04336,37.19279],[-77.04631,37.19851],[-77.04382,37.20228],[-77.03501,37.20323],[-77.03149,37.19867],[-77.02909,37.20181],[-77.02407,37.20103],[-77.02395,37.20711],[-77.01788,37.20696],[-77.01178,37.21241],[-77.01881,37.21959],[-77.01314,37.22517],[-77.01273,37.23237],[-77.00382,37.23206],[-77.00173,37.23869],[-76.99349,37.23652],[-76.97244,37.2485],[-76.93366,37.22901],[-76.90476,37.22311],[-76.88323,37.22359],[-76.88636,37.24605],[-76.87317,37.25833],[-76.88308,37.27592],[-76.88083,37.28726],[-76.8716,37.29635],[-76.88001,37.30987],[-76.87469,37.32043],[-76.87662,37.33322],[-76.87363,37.34256],[-76.88052,37.35117],[-76.87351,37.36342],[-76.8771,37.36919],[-76.88477,37.36857],[-76.89952,37.35903],[-76.90798,37.34901],[-76.91586,37.35261],[-76.90961,37.36532],[-76.89779,37.3738],[-76.90447,37.37766],[-76.90074,37.38507],[-76.89863,37.38585],[-76.89831,37.38253],[-76.89216,37.38338],[-76.89286,37.38873],[-76.90005,37.3916],[-76.90087,37.39505],[-76.89415,37.40023],[-76.89474,37.41472],[-76.89038,37.42004],[-76.89543,37.42804],[-76.89206,37.43242],[-76.87736,37.44005],[-76.86607,37.44164],[-76.85679,37.44814],[-76.82413,37.45073],[-76.80816,37.44551],[-76.79254,37.43549],[-76.78706,37.43814],[-76.77689,37.43392],[-76.77058,37.439],[-76.7705,37.43493],[-76.76816,37.43922],[-76.76443,37.43695],[-76.76403,37.44291],[-76.75914,37.44417],[-76.76257,37.44453],[-76.76154,37.44647],[-76.75799,37.4455],[-76.7658,37.45165],[-76.76364,37.45419],[-76.76055,37.4524],[-76.76045,37.4586],[-76.75637,37.45643],[-76.75679,37.46172],[-76.74198,37.46708],[-76.72759,37.44416],[-76.69715,37.41754],[-76.71231,37.43131],[-76.70413,37.44054],[-76.70353,37.44975],[-76.68701,37.44788],[-76.68528,37.45338],[-76.67399,37.46132],[-76.6682,37.45546],[-76.66215,37.4578],[-76.66262,37.46178],[-76.65397,37.47092],[-76.65552,37.47381],[-76.65196,37.47252],[-76.65235,37.47635],[-76.64914,37.47684],[-76.65152,37.48074],[-76.64679,37.48115],[-76.64783,37.49564],[-76.66765,37.52035],[-76.66932,37.52851],[-76.65422,37.60248],[-76.67287,37.61507],[-76.68227,37.61724],[-76.69582,37.63049],[-76.69686,37.64004],[-76.70586,37.64412],[-76.70677,37.65283],[-76.71842,37.65808],[-76.71684,37.66065],[-76.72133,37.66431],[-76.72256,37.67372],[-76.72841,37.67571],[-76.72532,37.69201],[-76.73268,37.68826],[-76.74225,37.6989],[-76.75107,37.71166],[-76.75119,37.72652],[-76.72309,37.7567],[-76.7128,37.76038],[-76.70307,37.75571],[-76.68741,37.76869],[-76.66818,37.77839],[-76.65486,37.77139],[-76.61305,37.75926],[-76.59553,37.74631],[-76.58723,37.73707],[-76.56332,37.69491],[-76.54735,37.65528],[-76.52864,37.6309],[-76.50577,37.62631],[-76.47403,37.63158],[-76.44492,37.62869],[-76.41635,37.62014],[-76.37063,37.59544],[-76.35291,37.59108],[-76.3103,37.59098],[-76.28231,37.58528],[-76.15171,37.58597],[-76.14084,37.54222],[-76.1363,37.28214],[-76.13552,37.19197],[-76.13494,37.1176],[-76.13375,37.04114],[-76.24966,37.00015],[-76.13387,37.04089],[-75.99965,37.01333],[-75.90949,36.99071],[-75.92831,36.93818],[-75.87465,36.74431],[-75.81982,36.62515],[-75.7975,36.55092],[-76.12235,36.55052],[-76.49148,36.55072],[-76.45747,36.81484],[-76.4915,36.55065]],[[-76.41904,36.86633],[-76.39847,36.86595],[-76.4187,36.8667],[-76.41904,36.86633]],[[-76.62699,37.59037],[-76.62794,37.59146],[-76.63697,37.59084],[-76.62699,37.59037]],[[-76.57388,37.56342],[-76.57358,37.56325],[-76.57532,37.57453],[-76.57388,37.56342]],[[-76.57031,37.56144],[-76.55966,37.56163],[-76.57293,37.56289],[-76.57031,37.56144]],[[-76.55736,37.556],[-76.55634,37.55577],[-76.55713,37.55716],[-76.55736,37.556]],[[-76.55372,37.55517],[-76.5507,37.56123],[-76.55549,37.55557],[-76.55372,37.55517]],[[-76.43756,37.51436],[-76.43205,37.51489],[-76.43808,37.51454],[-76.43756,37.51436]],[[-76.4519,37.48422],[-76.44214,37.45285],[-76.4519,37.48423],[-76.4519,37.48422]],[[-76.45608,37.23382],[-76.45257,37.23381],[-76.40407,37.24175],[-76.45608,37.23382]],[[-76.49938,37.24259],[-76.46892,37.23387],[-76.46164,37.23384],[-76.49938,37.24259]],[[-76.51891,37.25293],[-76.51259,37.24637],[-76.51109,37.24594],[-76.51891,37.25293]],[[-76.54596,37.27714],[-76.56013,37.28346],[-76.54315,37.27463],[-76.54596,37.27714]],[[-76.57552,37.29353],[-76.56881,37.28798],[-76.56828,37.28771],[-76.57552,37.29353]],[[-76.63728,37.35559],[-76.60262,37.31598],[-76.601,37.31464],[-76.63728,37.35559]],[[-76.6688,37.39179],[-76.65865,37.38014],[-76.64952,37.37428],[-76.6688,37.39179]],[[-76.68209,37.36882],[-76.68008,37.36679],[-76.67371,37.36773],[-76.68209,37.36882]],[[-76.68884,37.36969],[-76.68887,37.36962],[-76.68853,37.36965],[-76.68884,37.36969]],[[-76.74218,37.37058],[-76.74219,37.37056],[-76.7269,37.37123],[-76.74218,37.37058]],[[-76.72883,37.30799],[-76.72977,37.31364],[-76.73589,37.32304],[-76.72883,37.30799]],[[-76.73097,37.3101],[-76.72817,37.30404],[-76.72866,37.30701],[-76.73097,37.3101]],[[-76.71906,37.28435],[-76.71724,37.28293],[-76.72161,37.28986],[-76.71906,37.28435]],[[-76.6848,37.27067],[-76.68418,37.27005],[-76.67829,37.27682],[-76.6848,37.27067]],[[-76.68015,37.266],[-76.6802,37.26564],[-76.67952,37.26567],[-76.67955,37.26567],[-76.68088,37.26673],[-76.68015,37.266]],[[-76.66582,37.2638],[-76.66597,37.2642],[-76.66658,37.26427],[-76.66582,37.2638]],[[-76.60149,37.23771],[-76.60152,37.23775],[-76.6232,37.23506],[-76.60149,37.23771]],[[-76.59618,37.231],[-76.59627,37.23209],[-76.60116,37.23736],[-76.59618,37.231]],[[-76.59128,37.20717],[-76.59093,37.20664],[-76.5913,37.21321],[-76.59293,37.216],[-76.59128,37.20717]],[[-76.45907,37.10093],[-76.45906,37.10093],[-76.50626,37.15422],[-76.45907,37.10093]],[[-76.43774,37.0942],[-76.44037,37.08492],[-76.43775,37.09405],[-76.43019,37.09613],[-76.44057,37.09509],[-76.43774,37.0942]],[[-76.38587,36.94965],[-76.39957,36.93095],[-76.38489,36.95043],[-76.38587,36.94965]],[[-76.43729,36.93685],[-76.43479,36.93528],[-76.39957,36.93095],[-76.43729,36.93685]],[[-76.70985,37.05632],[-76.75503,37.03719],[-76.70097,37.05809],[-76.70985,37.05632]],[[-76.69841,37.05952],[-76.69894,37.05887],[-76.69825,37.05914],[-76.69841,37.05952]],[[-76.6412,37.15398],[-76.64158,37.15383],[-76.64303,37.14401],[-76.6412,37.15398]],[[-76.6282,37.09276],[-76.62528,37.09032],[-76.64561,37.12656],[-76.64582,37.12516],[-76.6282,37.09276]],[[-76.47148,36.97794],[-76.61837,37.08456],[-76.59708,37.0668],[-76.47148,36.97794]],[[-76.44051,36.93887],[-76.45389,36.95576],[-76.4453,36.94189],[-76.44051,36.93887]],[[-76.92563,36.70559],[-76.92456,36.7095],[-76.95244,36.70868],[-76.9254,36.70864],[-76.92585,36.70556],[-76.92563,36.70559]],[[-76.93027,36.705],[-76.92614,36.69859],[-76.92599,36.69862],[-76.93027,36.705]],[[-76.91222,36.69841],[-76.9126,36.69868],[-76.91975,36.68906],[-76.91831,36.68778],[-76.91222,36.69841]],[[-76.92037,36.68419],[-76.92123,36.68325],[-76.92092,36.68324],[-76.92037,36.68419]],[[-76.91739,36.66197],[-76.91775,36.66125],[-76.91606,36.66041],[-76.91739,36.66197]],[[-76.91308,36.65695],[-76.91224,36.65423],[-76.91208,36.65579],[-76.91308,36.65695]],[[-76.91092,36.64996],[-76.91074,36.64937],[-76.90517,36.64741],[-76.91092,36.64996]],[[-76.9255,36.65456],[-76.93625,36.65972],[-76.96234,36.66752],[-76.9255,36.65456]],[[-76.96897,36.69757],[-76.96721,36.70259],[-76.96927,36.69784],[-76.96897,36.69757]],[[-76.92025,36.57761],[-76.90948,36.57917],[-76.90955,36.57969],[-76.92025,36.57761]],[[-76.91194,36.61799],[-76.90126,36.62277],[-76.9121,36.6182],[-76.91194,36.61799]],[[-76.89936,36.62069],[-76.89335,36.62639],[-76.89138,36.63079],[-76.89936,36.62069]],[[-76.89721,36.64325],[-76.89759,36.64405],[-76.89911,36.64472],[-76.89721,36.64325]],[[-76.75581,36.74605],[-76.53352,36.91556],[-76.74123,36.7575],[-76.89759,36.64405],[-76.75581,36.74605]],[[-76.92939,36.559],[-76.93078,36.55971],[-76.93094,36.55957],[-76.92939,36.559]],[[-76.90423,36.73888],[-76.89489,36.74689],[-76.89492,36.74694],[-76.90423,36.73888]],[[-76.90172,36.75501],[-76.8954,36.74771],[-76.90094,36.75663],[-76.90172,36.75501]],[[-76.90026,36.75806],[-76.89756,36.75961],[-76.89824,36.76225],[-76.90026,36.75806]],[[-76.83869,36.86676],[-76.83139,36.86912],[-76.8311,36.8698],[-76.83869,36.86676]],[[-76.8185,36.88093],[-76.81774,36.88206],[-76.82024,36.88223],[-76.8185,36.88093]],[[-76.85412,36.9798],[-76.85397,36.97958],[-76.85295,36.98353],[-76.85412,36.9798]],[[-76.57936,37.18895],[-76.57796,37.19046],[-76.58146,37.19216],[-76.57936,37.18895]],[[-76.76031,37.1768],[-76.74968,37.17159],[-76.74632,37.1721],[-76.76031,37.1768]],[[-76.73477,37.17385],[-76.72851,37.1748],[-76.72792,37.17594],[-76.73477,37.17385]],[[-76.67439,37.20976],[-76.66045,37.20415],[-76.67309,37.20968],[-76.67439,37.20976]],[[-76.73866,37.27537],[-76.74108,37.26539],[-76.7395,37.26284],[-76.73866,37.27537]],[[-76.73864,37.26146],[-76.73855,37.26132],[-76.73736,37.26022],[-76.73864,37.26146]],[[-76.72643,37.25011],[-76.72626,37.24995],[-76.70359,37.24876],[-76.72643,37.25011]],[[-76.6773,37.24737],[-76.67616,37.24731],[-76.66554,37.25069],[-76.6773,37.24737]],[[-76.66428,37.25109],[-76.66423,37.25111],[-76.67568,37.2605],[-76.66428,37.25109]],[[-76.73455,37.30013],[-76.74095,37.30159],[-76.73373,37.29784],[-76.73455,37.30013]],[[-76.73137,37.29119],[-76.73269,37.29491],[-76.73181,37.29043],[-76.73137,37.29119]],[[-76.72622,37.28507],[-76.7341,37.28644],[-76.72545,37.28255],[-76.72622,37.28507]],[[-76.7249,37.28076],[-76.72512,37.28146],[-76.72533,37.28074],[-76.7249,37.28076]],[[-76.73848,37.27594],[-76.74296,37.27546],[-76.74293,37.27542],[-76.73848,37.27594]],[[-76.29922,36.9688],[-76.32391,36.96456],[-76.29946,36.96868],[-76.29922,36.9688]],[[-76.17898,36.85107],[-76.17857,36.85145],[-76.1769,36.85697],[-76.17898,36.85107]],[[-76.06555,36.68555],[-76.06781,36.69211],[-76.07324,36.69801],[-76.06555,36.68555]],[[-76.22776,36.83189],[-76.20367,36.76966],[-76.2275,36.83314],[-76.22776,36.83189]],[[-76.34227,36.90555],[-76.34144,36.90481],[-76.34557,36.92453],[-76.34227,36.90555]],[[-76.40908,37.09205],[-76.4077,37.09207],[-76.39983,37.09517],[-76.40908,37.09205]],[[-76.3977,37.09601],[-76.39741,37.09612],[-76.39972,37.09782],[-76.3977,37.09601]],[[-76.39666,37.09992],[-76.39782,37.10387],[-76.39784,37.10386],[-76.39666,37.09992]],[[-76.40123,37.10403],[-76.40122,37.10445],[-76.40201,37.10405],[-76.40123,37.10403]],[[-76.396,37.10756],[-76.3957,37.10768],[-76.40778,37.12916],[-76.396,37.10756]],[[-76.41025,37.1347],[-76.41354,37.13853],[-76.41354,37.13842],[-76.41025,37.1347]],[[-76.38329,37.1119],[-76.38345,37.11198],[-76.38789,37.10883],[-76.38329,37.1119]],[[-76.38455,37.10517],[-76.3938,37.1084],[-76.39381,37.10839],[-76.38455,37.10517]],[[-76.40376,37.5356],[-76.40384,37.53543],[-76.39089,37.53025],[-76.40376,37.5356]]]}},{"type":"Feature","properties":{"region_name":"Lynchburg Region","region_slug":"lynchburg-region","region_color":"#AE9140","locality_count":5},"geometry":{"type":"Polygon","coordinates":[[[-78.90401,37.02253],[-78.92322,37.02699],[-78.93709,37.03572],[-78.96766,37.04568],[-78.97229,37.05017],[-78.98556,37.04077],[-78.99527,37.0383],[-79.00483,37.02993],[-79.01862,37.04036],[-79.04028,37.04562],[-79.05683,37.04543],[-79.11038,37.06791],[-79.11728,37.08658],[-79.12403,37.08981],[-79.13528,37.08627],[-79.13989,37.07729],[-79.1671,37.06751],[-79.18092,37.07069],[-79.18792,37.05713],[-79.19311,37.05464],[-79.20587,37.07478],[-79.20085,37.0984],[-79.2052,37.1108],[-79.21303,37.1179],[-79.21899,37.11831],[-79.22247,37.11417],[-79.22182,37.10166],[-79.22789,37.09853],[-79.23358,37.0996],[-79.24417,37.12431],[-79.25327,37.13288],[-79.26442,37.12684],[-79.27207,37.11155],[-79.28282,37.10563],[-79.29526,37.1048],[-79.33262,37.12585],[-79.33739,37.1365],[-79.3424,37.13678],[-79.34515,37.1332],[-79.34086,37.12922],[-79.34465,37.12572],[-79.36414,37.11941],[-79.38243,37.11943],[-79.38199,37.11588],[-79.37087,37.11271],[-79.37111,37.10585],[-79.38802,37.09272],[-79.40473,37.09178],[-79.4046,37.06369],[-79.43267,37.06046],[-79.44285,37.05587],[-79.44288,37.05583],[-79.45364,37.05593],[-79.47923,37.06445],[-79.49065,37.06127],[-79.49001,37.05569],[-79.48013,37.04419],[-79.48327,37.03529],[-79.45897,37.01942],[-79.46033,37.01555],[-79.47175,37.01402],[-79.47992,37.00603],[-79.48438,37.00751],[-79.49842,37.02435],[-79.53561,37.04113],[-79.538,37.04913],[-79.54255,37.05163],[-79.55073,37.05287],[-79.54265,37.045],[-79.54926,37.04199],[-79.55948,37.0439],[-79.56215,37.04158],[-79.56091,37.03619],[-79.56431,37.0347],[-79.57931,37.0366],[-79.60016,37.04463],[-79.60251,37.0492],[-79.59338,37.04805],[-79.59306,37.05287],[-79.62284,37.08002],[-79.6215,37.08315],[-79.61205,37.08182],[-79.61163,37.08649],[-79.61617,37.09205],[-79.62641,37.09216],[-79.64107,37.10311],[-79.65119,37.12675],[-79.66344,37.13765],[-79.6647,37.14397],[-79.67989,37.15588],[-79.68819,37.14974],[-79.70133,37.16431],[-79.70319,37.16248],[-79.69629,37.15284],[-79.70293,37.14944],[-79.71115,37.16252],[-79.70915,37.16874],[-79.71799,37.18302],[-79.71788,37.18929],[-79.72236,37.19231],[-79.73287,37.18703],[-79.75634,37.18953],[-79.76209,37.20139],[-79.7683,37.19766],[-79.77661,37.20263],[-79.77992,37.21342],[-79.7742,37.21683],[-79.78083,37.22549],[-79.78119,37.23256],[-79.79363,37.23187],[-79.79483,37.2195],[-79.80487,37.21514],[-79.81816,37.2262],[-79.82602,37.22284],[-79.83029,37.22444],[-79.83301,37.21605],[-79.84359,37.21695],[-79.84733,37.22331],[-79.84247,37.23063],[-79.84647,37.24739],[-79.85841,37.26715],[-79.84654,37.27874],[-79.85075,37.28241],[-79.85038,37.29511],[-79.83955,37.30056],[-79.84748,37.30935],[-79.8442,37.31775],[-79.78868,37.34935],[-79.78332,37.36919],[-79.77535,37.37732],[-79.77862,37.38178],[-79.79311,37.38122],[-79.81404,37.40386],[-79.79049,37.40879],[-79.75679,37.42494],[-79.7518,37.4317],[-79.71908,37.44896],[-79.69039,37.4761],[-79.6771,37.4836],[-79.6588,37.48501],[-79.63977,37.4711],[-79.63841,37.46143],[-79.6346,37.45722],[-79.62816,37.4536],[-79.62609,37.45544],[-79.61718,37.45802],[-79.6026,37.45537],[-79.59371,37.44886],[-79.58274,37.45188],[-79.58111,37.4724],[-79.55896,37.49642],[-79.55518,37.49906],[-79.54605,37.48922],[-79.53264,37.50566],[-79.51894,37.50845],[-79.51422,37.51658],[-79.50468,37.52083],[-79.50509,37.52922],[-79.49689,37.53691],[-79.47886,37.54843],[-79.46411,37.54956],[-79.45803,37.56011],[-79.44093,37.56355],[-79.43407,37.57233],[-79.4386,37.57788],[-79.44272,37.576],[-79.44902,37.57847],[-79.44637,37.58391],[-79.45214,37.58704],[-79.45042,37.58988],[-79.45752,37.59944],[-79.45743,37.60679],[-79.44528,37.61825],[-79.43695,37.61706],[-79.42637,37.61551],[-79.418,37.62647],[-79.40158,37.62605],[-79.38035,37.64276],[-79.36557,37.6457],[-79.3584,37.65603],[-79.34524,37.66063],[-79.34058,37.67863],[-79.32013,37.69666],[-79.31534,37.70645],[-79.31743,37.71476],[-79.31218,37.71773],[-79.31206,37.72364],[-79.30495,37.72906],[-79.30848,37.73428],[-79.28947,37.76378],[-79.27914,37.77305],[-79.26467,37.79469],[-79.26092,37.79132],[-79.25574,37.79346],[-79.24594,37.80533],[-79.23145,37.81322],[-79.21631,37.80151],[-79.21771,37.79616],[-79.20929,37.78906],[-79.19882,37.78798],[-79.18967,37.79427],[-79.171,37.80032],[-79.17213,37.8031],[-79.13796,37.81414],[-79.13534,37.8076],[-79.12832,37.80214],[-79.1201,37.80136],[-79.1201,37.79436],[-79.11449,37.78649],[-79.10032,37.78477],[-79.08973,37.78801],[-79.07461,37.78141],[-79.07653,37.7784],[-79.07114,37.77818],[-79.06694,37.76998],[-79.07226,37.76242],[-79.06583,37.74652],[-79.06981,37.73108],[-79.06441,37.72532],[-79.0672,37.7192],[-79.0574,37.71225],[-79.03882,37.70945],[-79.03056,37.7024],[-79.01476,37.7054],[-79.00616,37.69751],[-78.99634,37.70173],[-78.98637,37.69773],[-78.98831,37.69],[-78.98236,37.68685],[-78.98319,37.68232],[-78.96693,37.677],[-78.97154,37.67018],[-78.96393,37.66561],[-78.8985,37.54431],[-78.88498,37.54681],[-78.88357,37.55068],[-78.87647,37.54628],[-78.87234,37.54884],[-78.86764,37.54495],[-78.87092,37.5419],[-78.86014,37.54544],[-78.84053,37.53659],[-78.82574,37.53694],[-78.82254,37.54403],[-78.82524,37.55254],[-78.70299,37.45526],[-78.68328,37.42901],[-78.66812,37.42247],[-78.65936,37.42336],[-78.65248,37.41778],[-78.63556,37.41608],[-78.63737,37.41386],[-78.63435,37.41195],[-78.64015,37.40403],[-78.63501,37.39979],[-78.63753,37.39269],[-78.63004,37.38897],[-78.63048,37.38428],[-78.61623,37.38851],[-78.61562,37.39405],[-78.60756,37.39343],[-78.59511,37.39899],[-78.60143,37.35137],[-78.59474,37.34463],[-78.60156,37.33771],[-78.60945,37.33566],[-78.61402,37.32754],[-78.63077,37.31824],[-78.64194,37.30027],[-78.67333,37.26851],[-78.67981,37.25883],[-78.68157,37.24876],[-78.70761,37.23737],[-78.72033,37.2371],[-78.72703,37.22544],[-78.73425,37.22029],[-78.74111,37.22456],[-78.75212,37.2208],[-78.7641,37.22872],[-78.77708,37.22918],[-78.8082,37.20185],[-78.82428,37.2052],[-78.90401,37.02253]],[[-79.25464,37.35152],[-79.25266,37.35748],[-79.25299,37.35734],[-79.25464,37.35152]],[[-79.23426,37.34356],[-79.23237,37.34657],[-79.23319,37.34675],[-79.23426,37.34356]],[[-79.11935,37.36874],[-79.11881,37.36913],[-79.13389,37.37598],[-79.11935,37.36874]],[[-79.10726,37.37762],[-79.10727,37.37762],[-79.10743,37.37749],[-79.10726,37.37762]],[[-79.0849,37.39414],[-79.08492,37.39415],[-79.10198,37.37788],[-79.0849,37.39414]],[[-79.06865,37.38581],[-79.06759,37.38628],[-79.07038,37.3867],[-79.06865,37.38581]],[[-79.06236,37.38857],[-79.06247,37.38978],[-79.06477,37.38751],[-79.06236,37.38857]],[[-79.07133,37.41696],[-79.07138,37.4167],[-79.06428,37.40938],[-79.07133,37.41696]],[[-79.06982,37.42179],[-79.07041,37.42172],[-79.07103,37.4185],[-79.06982,37.42179]],[[-79.04609,37.41598],[-79.06372,37.42248],[-79.06868,37.42192],[-79.04609,37.41598]],[[-79.02169,37.42924],[-79.02005,37.43009],[-79.02342,37.42956],[-79.02169,37.42924]],[[-79.43592,37.60488],[-79.43114,37.60182],[-79.42421,37.60108],[-79.43597,37.60548],[-79.43592,37.60488]],[[-79.40951,37.60722],[-79.41465,37.60693],[-79.41546,37.60643],[-79.40951,37.60722]],[[-79.39404,37.59659],[-79.40453,37.60751],[-79.40543,37.60746],[-79.39404,37.59659]],[[-79.21912,37.50224],[-79.22003,37.50533],[-79.22092,37.50537],[-79.21912,37.50224]],[[-79.22509,37.49444],[-79.20947,37.47752],[-79.22499,37.49458],[-79.22509,37.49444]],[[-79.18893,37.47449],[-79.18905,37.47502],[-79.18932,37.47505],[-79.18893,37.47449]],[[-79.19452,37.46919],[-79.19478,37.46906],[-79.19374,37.46889],[-79.19452,37.46919]],[[-79.26116,37.45011],[-79.26416,37.44896],[-79.2465,37.44729],[-79.26116,37.45011]],[[-79.26699,37.44787],[-79.26624,37.43969],[-79.2652,37.44856],[-79.26699,37.44787]],[[-79.24977,37.42356],[-79.2509,37.4295],[-79.25253,37.42966],[-79.24977,37.42356]],[[-79.23361,37.39332],[-79.23273,37.39469],[-79.25438,37.40449],[-79.23361,37.39332]],[[-78.89174,37.53414],[-78.89571,37.53269],[-78.88154,37.53204],[-78.89174,37.53414]],[[-78.89804,37.53184],[-78.89776,37.53098],[-78.89705,37.5322],[-78.89804,37.53184]],[[-78.89607,37.52579],[-78.89317,37.51684],[-78.89214,37.51964],[-78.89607,37.52579]],[[-78.89357,37.51574],[-78.91046,37.50501],[-78.89394,37.51474],[-78.89357,37.51574]],[[-78.92089,37.49886],[-78.92445,37.49827],[-78.92255,37.49788],[-78.92089,37.49886]],[[-78.94063,37.49381],[-78.94041,37.48815],[-78.93941,37.4925],[-78.94063,37.49381]],[[-78.9414,37.48386],[-78.96729,37.47409],[-78.97144,37.47079],[-78.94163,37.48284],[-78.9414,37.48386]],[[-79.01032,37.44555],[-79.01047,37.44522],[-78.99846,37.44931],[-79.01032,37.44555]],[[-79.01197,37.44186],[-79.01638,37.43198],[-79.0149,37.43275],[-79.01197,37.44186]],[[-79.10696,37.40647],[-79.09743,37.40141],[-79.10623,37.40653],[-79.10696,37.40647]],[[-79.11142,37.40557],[-79.10911,37.40629],[-79.11124,37.40612],[-79.11142,37.40557]],[[-79.13922,37.41644],[-79.12345,37.40005],[-79.12272,37.39987],[-79.13922,37.41644]],[[-79.14122,37.42866],[-79.14294,37.43067],[-79.13922,37.41644],[-79.14122,37.42866]],[[-79.14658,37.43491],[-79.1465,37.43486],[-79.14658,37.43495],[-79.14658,37.43491]],[[-79.17549,37.44905],[-79.1754,37.44895],[-79.14657,37.42868],[-79.17549,37.44905]],[[-79.18527,37.45904],[-79.18527,37.45901],[-79.18373,37.45744],[-79.18527,37.45904]]]}},{"type":"Feature","properties":{"region_name":"New River Valley","region_slug":"new-river-valley","region_color":"#6267A2","locality_count":5},"geometry":{"type":"Polygon","coordinates":[[[-80.16214,37.10921],[-80.12664,37.12311],[-80.12245,37.11722],[-80.12344,37.10744],[-80.11302,37.09811],[-80.11579,37.0902],[-80.10977,37.08583],[-80.11192,37.08379],[-80.10767,37.07326],[-80.11259,37.06566],[-80.11806,37.06431],[-80.1228,37.05564],[-80.11948,37.04951],[-80.11181,37.04587],[-80.11438,37.04038],[-80.11109,37.03644],[-80.11168,37.03118],[-80.10441,37.02645],[-80.11714,37.02515],[-80.11261,37.01934],[-80.11671,37.01782],[-80.11285,37.01476],[-80.1163,37.01135],[-80.11354,37.00922],[-80.12146,37.00826],[-80.12311,37.00478],[-80.1302,37.00674],[-80.13587,37.00409],[-80.13543,36.99621],[-80.1254,36.99629],[-80.1212,36.99148],[-80.13713,36.98612],[-80.13763,36.98292],[-80.14395,36.98019],[-80.13445,36.96509],[-80.1399,36.96385],[-80.14555,36.95457],[-80.14481,36.94953],[-80.15151,36.95182],[-80.15828,36.94868],[-80.16211,36.95506],[-80.17204,36.95345],[-80.17929,36.94233],[-80.18483,36.93971],[-80.18242,36.9351],[-80.18967,36.92958],[-80.19176,36.92202],[-80.1978,36.92108],[-80.19885,36.90152],[-80.23546,36.87213],[-80.2533,36.87069],[-80.25523,36.86467],[-80.26885,36.86283],[-80.27192,36.85925],[-80.27478,36.86199],[-80.28804,36.85923],[-80.29417,36.84781],[-80.30534,36.84211],[-80.31749,36.84366],[-80.3215,36.83757],[-80.32692,36.83651],[-80.32873,36.83056],[-80.34396,36.83255],[-80.34583,36.83004],[-80.34152,36.82195],[-80.34444,36.81347],[-80.3616,36.80309],[-80.37607,36.80394],[-80.39093,36.79261],[-80.38525,36.78448],[-80.39207,36.77753],[-80.38733,36.77027],[-80.39738,36.76433],[-80.39844,36.75624],[-80.39308,36.74852],[-80.39475,36.74444],[-80.41172,36.74184],[-80.43173,36.74343],[-80.44349,36.74793],[-80.44926,36.74509],[-80.45854,36.73849],[-80.45264,36.73069],[-80.46171,36.72473],[-80.46418,36.70872],[-80.63331,36.93089],[-80.63668,36.92707],[-80.64523,36.92688],[-80.65278,36.92279],[-80.65908,36.91345],[-80.67613,36.90804],[-80.68083,36.90923],[-80.67905,36.9027],[-80.68259,36.89514],[-80.6921,36.89473],[-80.74048,36.879],[-80.80271,36.94655],[-80.80172,36.94378],[-80.80929,36.9404],[-80.81209,36.95255],[-80.80934,36.95338],[-80.83514,36.97894],[-80.89325,37.0274],[-80.93063,37.11509],[-80.90341,37.12015],[-80.88703,37.12727],[-80.86988,37.13976],[-80.85466,37.14751],[-80.88113,37.17106],[-80.86155,37.1785],[-80.87131,37.19377],[-80.89404,37.17937],[-80.97939,37.25012],[-81.01449,37.27538],[-80.99824,37.28003],[-80.98212,37.29226],[-80.95102,37.29497],[-80.91926,37.30616],[-80.89916,37.31568],[-80.86704,37.33976],[-80.84945,37.34691],[-80.88325,37.38393],[-80.863,37.41151],[-80.86527,37.42011],[-80.85946,37.42949],[-80.84632,37.4234],[-80.83723,37.42541],[-80.80859,37.40654],[-80.80574,37.39795],[-80.78419,37.39459],[-80.77008,37.37236],[-80.7163,37.38869],[-80.64589,37.42215],[-80.63439,37.43123],[-80.62266,37.43331],[-80.6168,37.43944],[-80.6002,37.44617],[-80.56144,37.46978],[-80.51514,37.47857],[-80.51139,37.48167],[-80.49298,37.45775],[-80.49728,37.44478],[-80.49486,37.43507],[-80.47278,37.42373],[-80.43605,37.33974],[-80.44687,37.33213],[-80.44399,37.32872],[-80.44682,37.32758],[-80.44603,37.32422],[-80.44218,37.31994],[-80.43669,37.32246],[-80.43094,37.31638],[-80.47868,37.28558],[-80.41658,37.32398],[-80.39569,37.3301],[-80.34463,37.35287],[-80.32484,37.36883],[-80.30973,37.35964],[-80.26218,37.34153],[-80.25858,37.3087],[-80.20338,37.24635],[-80.20257,37.24149],[-80.18959,37.23345],[-80.17777,37.13416],[-80.17813,37.1134],[-80.17371,37.10911],[-80.16214,37.10921]],[[-80.51743,37.0034],[-80.52071,36.99697],[-80.51693,37.00287],[-80.51743,37.0034]],[[-80.52243,37.0089],[-80.5223,37.00879],[-80.52196,37.00921],[-80.52243,37.0089]],[[-80.51831,37.01166],[-80.51949,37.01087],[-80.51541,37.00921],[-80.51831,37.01166]],[[-80.5087,37.00354],[-80.51156,37.00596],[-80.5042,36.99215],[-80.5087,37.00354]],[[-80.49331,36.98235],[-80.49808,36.98922],[-80.49336,36.98148],[-80.49331,36.98235]],[[-80.46732,37.0],[-80.47353,37.00332],[-80.46775,36.99979],[-80.46732,37.0]],[[-80.46293,37.00232],[-80.46376,37.00175],[-80.46293,37.00215],[-80.46293,37.00232]],[[-80.45161,37.02145],[-80.45343,37.01717],[-80.45131,37.02133],[-80.45161,37.02145]],[[-80.42614,37.01412],[-80.43345,37.01663],[-80.42494,37.01236],[-80.42614,37.01412]],[[-80.42266,37.00904],[-80.42404,37.01106],[-80.42304,37.0046],[-80.42266,37.00904]],[[-80.42082,37.00257],[-80.42279,37.00303],[-80.42274,37.00271],[-80.42082,37.00257]],[[-80.41463,37.00261],[-80.41576,37.0022],[-80.41487,37.00213],[-80.41463,37.00261]],[[-80.34536,37.02682],[-80.34766,37.02165],[-80.34761,37.02165],[-80.34536,37.02682]],[[-80.59941,37.24865],[-80.6722,37.22412],[-80.60696,37.24487],[-80.59941,37.24865]],[[-80.53305,37.26508],[-80.51593,37.27149],[-80.59941,37.24865],[-80.53305,37.26508]],[[-80.61562,37.2303],[-80.60729,37.2388],[-80.61568,37.23108],[-80.61562,37.2303]],[[-80.61367,37.21401],[-80.61532,37.22624],[-80.61447,37.21478],[-80.61367,37.21401]],[[-80.58876,37.18398],[-80.59015,37.1851],[-80.58942,37.18401],[-80.58876,37.18398]],[[-80.58183,37.18394],[-80.58347,37.18377],[-80.5821,37.18372],[-80.58183,37.18394]],[[-80.52233,37.20696],[-80.53582,37.20587],[-80.52169,37.20639],[-80.52233,37.20696]],[[-80.51519,37.20056],[-80.51858,37.2036],[-80.51586,37.19962],[-80.51519,37.20056]],[[-80.55213,37.19136],[-80.53717,37.19455],[-80.55196,37.19154],[-80.55213,37.19136]],[[-80.56466,37.17617],[-80.55497,37.18829],[-80.56546,37.17694],[-80.56466,37.17617]],[[-80.55653,37.16856],[-80.55735,37.16918],[-80.55635,37.16822],[-80.55653,37.16856]],[[-80.53057,37.1328],[-80.53011,37.13422],[-80.54884,37.14656],[-80.53057,37.1328]],[[-80.52662,37.13577],[-80.53038,37.13265],[-80.53005,37.1324],[-80.52662,37.13577]],[[-80.50901,37.13776],[-80.51129,37.14778],[-80.51145,37.13957],[-80.50901,37.13776]],[[-80.50854,37.13571],[-80.50872,37.1365],[-80.51535,37.13273],[-80.50854,37.13571]],[[-80.56009,37.08231],[-80.56844,37.07494],[-80.56718,37.07429],[-80.56009,37.08231]],[[-80.54822,36.97605],[-80.54843,36.98233],[-80.54864,36.98222],[-80.54822,36.97605]],[[-80.5529,36.97023],[-80.55285,36.97024],[-80.54822,36.97605],[-80.5529,36.97023]],[[-80.56859,36.96031],[-80.56427,36.96868],[-80.56445,36.96866],[-80.56859,36.96031]],[[-80.59609,37.12157],[-80.59578,37.1205],[-80.59288,37.12787],[-80.59609,37.12157]],[[-80.51863,37.13152],[-80.51934,37.13191],[-80.51943,37.13186],[-80.51863,37.13152]]]}},{"type":"Feature","properties":{"region_name":"Northern Virginia","region_slug":"northern-virginia","region_color":"#A45C55","locality_count":10},"geometry":{"type":"Polygon","coordinates":[[[-77.62615,38.47543],[-77.62811,38.46954],[-77.63235,38.46961],[-77.63398,38.46128],[-77.62821,38.44996],[-77.63409,38.44228],[-77.62896,38.43872],[-77.62819,38.43354],[-77.63492,38.41023],[-77.69036,38.427],[-77.69814,38.42565],[-77.70172,38.42138],[-77.71135,38.42298],[-77.72096,38.42042],[-77.73471,38.4129],[-77.73972,38.4247],[-77.75212,38.42732],[-77.76007,38.43586],[-77.7611,38.45815],[-77.77636,38.46504],[-77.77819,38.46901],[-77.77491,38.47278],[-77.78061,38.47773],[-77.78155,38.48846],[-77.788,38.48827],[-77.78784,38.49303],[-77.80088,38.50263],[-77.80084,38.51205],[-77.81365,38.53019],[-77.8202,38.52907],[-77.83144,38.5386],[-77.83888,38.53989],[-77.84909,38.55476],[-77.85617,38.55679],[-77.85646,38.56036],[-77.86073,38.56217],[-77.86671,38.5762],[-77.87709,38.58466],[-77.87474,38.59084],[-77.86601,38.59329],[-77.86238,38.59853],[-77.87322,38.60595],[-77.87319,38.61053],[-77.86144,38.61412],[-77.85995,38.62081],[-77.86856,38.62336],[-77.87157,38.62995],[-77.8698,38.6323],[-77.87699,38.63094],[-77.88051,38.63651],[-77.8733,38.63985],[-77.8715,38.64799],[-77.88381,38.66653],[-77.89612,38.66205],[-77.90158,38.66591],[-77.90246,38.67503],[-77.89186,38.68108],[-77.90411,38.68416],[-77.90216,38.69082],[-77.90946,38.69732],[-77.92902,38.69892],[-77.93336,38.69506],[-77.95126,38.69834],[-77.95457,38.69479],[-77.9951,38.71011],[-78.00122,38.71762],[-78.0151,38.72509],[-78.0063,38.72746],[-78.00943,38.72984],[-78.00604,38.73253],[-78.01262,38.73279],[-78.01344,38.73978],[-78.01919,38.74036],[-78.01556,38.74712],[-78.01897,38.74885],[-78.01653,38.75416],[-78.0281,38.75749],[-78.02768,38.7645],[-78.02251,38.77032],[-78.02611,38.77687],[-78.01952,38.77807],[-78.02747,38.78185],[-78.02957,38.78672],[-78.02666,38.78839],[-78.03177,38.79351],[-78.0259,38.79592],[-78.03537,38.80021],[-78.04385,38.79749],[-78.04309,38.80027],[-78.04729,38.80199],[-78.04792,38.79858],[-78.0514,38.79923],[-78.05068,38.80535],[-78.05927,38.81137],[-78.06528,38.81273],[-78.08101,38.82501],[-78.09973,38.83039],[-78.10772,38.84268],[-78.12222,38.85622],[-78.12355,38.86548],[-78.13057,38.86487],[-78.13117,38.86817],[-78.11222,38.88037],[-78.09492,38.87984],[-78.09198,38.88559],[-78.07579,38.88606],[-78.06868,38.893],[-78.0618,38.89195],[-78.06176,38.90025],[-78.07214,38.90361],[-78.07586,38.90858],[-78.06379,38.92397],[-78.06397,38.92836],[-78.04158,38.9381],[-78.03464,38.94982],[-78.02738,38.95208],[-78.01715,38.96612],[-78.01703,38.97119],[-78.00364,38.98006],[-77.98936,38.99725],[-77.97428,39.00335],[-77.9622,39.01373],[-77.95641,39.0209],[-77.94123,39.02347],[-77.89328,39.05543],[-77.8776,39.07804],[-77.86282,39.08098],[-77.8438,39.11975],[-77.83252,39.12752],[-77.8221,39.14011],[-77.82162,39.15187],[-77.80605,39.17174],[-77.79266,39.21139],[-77.7808,39.22872],[-77.77137,39.23649],[-77.76723,39.24901],[-77.77094,39.24945],[-77.77067,39.25526],[-77.76293,39.25827],[-77.75838,39.26509],[-77.74829,39.2937],[-77.7349,39.31257],[-77.71952,39.32131],[-77.69301,39.31844],[-77.67681,39.32456],[-77.6509,39.31085],[-77.61591,39.30255],[-77.59262,39.3012],[-77.5666,39.30605],[-77.56183,39.30147],[-77.56069,39.28596],[-77.54084,39.26527],[-77.51067,39.25326],[-77.49054,39.24911],[-77.4595,39.22772],[-77.4589,39.22013],[-77.47494,39.20625],[-77.4777,39.1906],[-77.50753,39.1814],[-77.51762,39.16942],[-77.52746,39.14654],[-77.52454,39.12745],[-77.51717,39.11917],[-77.48357,39.10788],[-77.46866,39.08939],[-77.4625,39.0764],[-77.45772,39.07366],[-77.38579,39.06213],[-77.34014,39.06291],[-77.32832,39.05768],[-77.30466,39.05137],[-77.27504,39.03428],[-77.24779,39.02613],[-77.24538,39.01753],[-77.25575,39.00175],[-77.24503,38.98268],[-77.2352,38.97608],[-77.22995,38.97971],[-77.22375,38.97212],[-77.19777,38.96674],[-77.18145,38.96879],[-77.14877,38.96504],[-77.11979,38.93437],[-77.10203,38.91192],[-77.08658,38.90301],[-77.06869,38.90032],[-77.0592,38.88098],[-77.05414,38.87971],[-77.05055,38.87198],[-77.04655,38.87203],[-77.04604,38.87562],[-77.04167,38.87253],[-77.03774,38.86478],[-77.04276,38.86337],[-77.03806,38.86327],[-77.03284,38.85503],[-77.03421,38.84087],[-77.04663,38.84054],[-77.04612,38.84041],[-77.04327,38.83151],[-77.04189,38.83371],[-77.03776,38.83014],[-77.04111,38.82294],[-77.03734,38.81463],[-77.04025,38.78522],[-77.05962,38.79352],[-77.04136,38.78541],[-77.04334,38.71844],[-77.05352,38.7098],[-77.07143,38.70998],[-77.07923,38.71305],[-77.08004,38.70892],[-77.12263,38.68526],[-77.13244,38.67414],[-77.13642,38.65023],[-77.12968,38.6347],[-77.2037,38.61817],[-77.22734,38.60457],[-77.24636,38.59344],[-77.25176,38.57501],[-77.25652,38.56049],[-77.2763,38.54715],[-77.27634,38.53945],[-77.28729,38.52146],[-77.28531,38.51969],[-77.28974,38.51806],[-77.29541,38.50924],[-77.29734,38.51239],[-77.29972,38.51115],[-77.2989,38.50515],[-77.31075,38.50505],[-77.30905,38.50079],[-77.32754,38.50681],[-77.33564,38.51469],[-77.36258,38.5208],[-77.37058,38.51961],[-77.37566,38.5265],[-77.38237,38.52634],[-77.38092,38.52969],[-77.38847,38.53346],[-77.39554,38.54164],[-77.39461,38.54455],[-77.40119,38.54736],[-77.40304,38.55164],[-77.41859,38.55874],[-77.42238,38.56149],[-77.42091,38.56363],[-77.43081,38.56637],[-77.43714,38.57318],[-77.44503,38.5758],[-77.44744,38.58091],[-77.46425,38.57873],[-77.47122,38.58946],[-77.47679,38.59228],[-77.49171,38.59072],[-77.49957,38.58031],[-77.53211,38.55771],[-77.53133,38.55655],[-77.56082,38.5271],[-77.62615,38.47543]],[[-77.3517,39.03406],[-77.53594,38.84742],[-77.53594,38.84742],[-77.32832,39.05768],[-77.3517,39.03406]],[[-77.62946,38.93347],[-77.63722,38.94165],[-77.63728,38.94165],[-77.62946,38.93347]],[[-77.60901,38.91321],[-77.61774,38.93068],[-77.61776,38.93068],[-77.60901,38.91321]],[[-77.59724,38.90369],[-77.60319,38.91106],[-77.60901,38.91321],[-77.59724,38.90369]],[[-77.58173,38.89114],[-77.57699,38.89106],[-77.58583,38.89446],[-77.58173,38.89114]],[[-77.54768,38.85336],[-77.54744,38.85376],[-77.55251,38.85638],[-77.54768,38.85336]],[[-77.54951,38.84679],[-77.54763,38.84669],[-77.54915,38.84783],[-77.54951,38.84679]],[[-77.5459,38.84659],[-77.54644,38.84714],[-77.54674,38.84664],[-77.5459,38.84659]],[[-77.54443,38.85021],[-77.54457,38.85026],[-77.54468,38.85007],[-77.54443,38.85021]],[[-77.53665,38.84156],[-77.52972,38.83702],[-77.52965,38.83703],[-77.53649,38.84216],[-77.53665,38.84156]],[[-77.50757,38.83726],[-77.50859,38.84086],[-77.50873,38.84083],[-77.50757,38.83726]],[[-77.49392,38.79812],[-77.49384,38.79811],[-77.48927,38.8089],[-77.49392,38.79812]],[[-77.38042,38.7216],[-77.38035,38.72149],[-77.37811,38.7342],[-77.38042,38.7216]],[[-77.37392,38.71193],[-77.37355,38.71183],[-77.37863,38.71894],[-77.37392,38.71193]],[[-77.25605,38.68344],[-77.25617,38.68364],[-77.30285,38.70794],[-77.25605,38.68344]],[[-77.25032,38.67411],[-77.23013,38.65734],[-77.24382,38.67115],[-77.25034,38.67414],[-77.25032,38.67411]],[[-77.22096,38.64638],[-77.22095,38.64807],[-77.22228,38.64941],[-77.22096,38.64638]],[[-77.23015,38.62509],[-77.22098,38.64041],[-77.22097,38.6433],[-77.23015,38.62509]],[[-77.71567,38.84322],[-77.71594,38.84107],[-77.71571,38.83214],[-77.71567,38.84322]],[[-77.70126,38.85621],[-77.70493,38.84315],[-77.70275,38.84779],[-77.70126,38.85621]],[[-77.43784,38.75577],[-77.44177,38.75124],[-77.44148,38.75096],[-77.43784,38.75577]],[[-77.42058,38.76229],[-77.42733,38.7536],[-77.42437,38.75658],[-77.42058,38.76229]],[[-77.44045,38.78312],[-77.44021,38.78337],[-77.44033,38.78347],[-77.44045,38.78312]],[[-77.45863,38.77239],[-77.4447,38.7663],[-77.46686,38.77657],[-77.45869,38.77232],[-77.45863,38.77239]],[[-77.43806,38.75059],[-77.44179,38.75064],[-77.44185,38.75059],[-77.43806,38.75059]],[[-77.48103,38.75603],[-77.47537,38.75211],[-77.48101,38.7561],[-77.48103,38.75603]],[[-77.47962,38.75157],[-77.47812,38.75046],[-77.47537,38.75211],[-77.47962,38.75157]],[[-77.48131,38.75281],[-77.48117,38.75542],[-77.48173,38.75312],[-77.48131,38.75281]],[[-77.06351,38.84492],[-77.0857,38.84398],[-77.06348,38.84491],[-77.06351,38.84492]],[[-77.19492,38.89849],[-77.19146,38.89988],[-77.19499,38.89855],[-77.19492,38.89849]],[[-77.17892,38.87941],[-77.18975,38.87814],[-77.17629,38.87863],[-77.17892,38.87941]],[[-77.17228,38.89325],[-77.15137,38.87476],[-77.14973,38.87566],[-77.17228,38.89325]],[[-77.12464,38.84138],[-77.10713,38.84243],[-77.11895,38.85165],[-77.11018,38.8448],[-77.12464,38.84138]],[[-77.14436,38.81036],[-77.13986,38.8002],[-77.13884,38.80047],[-77.14436,38.81036]],[[-77.10358,38.80349],[-77.13756,38.79817],[-77.10272,38.8034],[-77.10358,38.80349]],[[-77.07629,38.80067],[-77.07971,38.80102],[-77.07619,38.80063],[-77.07629,38.80067]],[[-77.27038,38.86565],[-77.27023,38.86536],[-77.27023,38.86564],[-77.27038,38.86565]],[[-77.31443,38.84527],[-77.31649,38.84501],[-77.30877,38.84284],[-77.31443,38.84527]]]}},{"type":"Feature","properties":{"region_name":"Roanoke Valley","region_slug":"roanoke-valley","region_color":"#477D5B","locality_count":8},"geometry":{"type":"Polygon","coordinates":[[[-79.83029,37.22444],[-79.82602,37.22284],[-79.81816,37.2262],[-79.80487,37.21514],[-79.79483,37.2195],[-79.79585,37.22833],[-79.79006,37.23298],[-79.77989,37.23151],[-79.78083,37.22549],[-79.7742,37.21683],[-79.77992,37.21342],[-79.77661,37.20263],[-79.7683,37.19766],[-79.76209,37.20139],[-79.75634,37.18953],[-79.73287,37.18703],[-79.72522,37.19245],[-79.71989,37.19093],[-79.70915,37.16874],[-79.71115,37.16252],[-79.70293,37.14944],[-79.69625,37.15358],[-79.70235,37.1643],[-79.69714,37.16218],[-79.68819,37.14974],[-79.68128,37.15576],[-79.67803,37.15517],[-79.65119,37.12675],[-79.64107,37.10311],[-79.62641,37.09216],[-79.61617,37.09205],[-79.61163,37.08649],[-79.61205,37.08182],[-79.62243,37.08297],[-79.62241,37.07861],[-79.60498,37.06533],[-79.5923,37.04984],[-79.60265,37.04872],[-79.59407,37.04221],[-79.62187,36.93475],[-79.64065,36.85614],[-79.65695,36.84094],[-79.65875,36.83454],[-79.66915,36.82784],[-79.67455,36.82934],[-79.68715,36.82504],[-79.68715,36.82814],[-79.69095,36.82884],[-79.73626,36.81294],[-79.75015,36.79884],[-79.74914,36.79414],[-79.76106,36.78834],[-79.76346,36.79864],[-79.76926,36.79444],[-79.78676,36.80074],[-79.80206,36.79214],[-79.99977,36.83074],[-80.01203,36.78964],[-80.01637,36.79353],[-80.02725,36.79186],[-80.01319,36.78375],[-80.02518,36.78075],[-80.03575,36.78634],[-80.04324,36.8005],[-80.07204,36.82209],[-80.0703,36.83011],[-80.07706,36.83093],[-80.0788,36.83584],[-80.06914,36.83456],[-80.06645,36.84106],[-80.07366,36.8463],[-80.08509,36.84916],[-80.08962,36.84559],[-80.09923,36.84578],[-80.23546,36.87213],[-80.19885,36.90152],[-80.1978,36.92108],[-80.19176,36.92202],[-80.18967,36.92958],[-80.18242,36.9351],[-80.18483,36.93971],[-80.17929,36.94233],[-80.17355,36.9526],[-80.16211,36.95506],[-80.15828,36.94868],[-80.15151,36.95182],[-80.14481,36.94953],[-80.14555,36.95457],[-80.1399,36.96385],[-80.13445,36.96509],[-80.14395,36.98019],[-80.13763,36.98292],[-80.13713,36.98612],[-80.1212,36.99148],[-80.1254,36.99629],[-80.13543,36.99621],[-80.13587,37.00409],[-80.1302,37.00674],[-80.12311,37.00478],[-80.12146,37.00826],[-80.11354,37.00922],[-80.1163,37.01135],[-80.11285,37.01476],[-80.11671,37.01782],[-80.11261,37.01934],[-80.11714,37.02515],[-80.10441,37.02645],[-80.11168,37.03118],[-80.11109,37.03644],[-80.11438,37.04038],[-80.11181,37.04587],[-80.11948,37.04951],[-80.1228,37.05564],[-80.11806,37.06431],[-80.11259,37.06566],[-80.10767,37.07326],[-80.11192,37.08379],[-80.10977,37.08583],[-80.11579,37.0902],[-80.11302,37.09811],[-80.12344,37.10744],[-80.12131,37.11114],[-80.12312,37.11971],[-80.12867,37.1229],[-80.13325,37.11935],[-80.13822,37.12043],[-80.16052,37.10952],[-80.17411,37.10938],[-80.17817,37.11313],[-80.17777,37.13416],[-80.18959,37.23345],[-80.20257,37.24149],[-80.20338,37.24635],[-80.25858,37.3087],[-80.26218,37.34153],[-80.30973,37.35964],[-80.32484,37.36883],[-80.34463,37.35287],[-80.38716,37.33358],[-80.4144,37.32503],[-80.43094,37.31638],[-80.43669,37.32246],[-80.44218,37.31994],[-80.44603,37.32422],[-80.44682,37.32758],[-80.44399,37.32872],[-80.44687,37.33213],[-80.43605,37.33974],[-80.47278,37.42373],[-80.42563,37.44989],[-80.37195,37.47407],[-80.36317,37.48],[-80.36684,37.48488],[-80.3271,37.49538],[-80.29979,37.50827],[-80.28239,37.53352],[-80.29167,37.53652],[-80.30935,37.52738],[-80.33037,37.53627],[-80.32749,37.54014],[-80.3122,37.54622],[-80.3285,37.56432],[-80.25892,37.5955],[-80.24027,37.60696],[-80.22191,37.62677],[-80.23931,37.63768],[-80.2675,37.64616],[-80.27937,37.65708],[-80.29614,37.69178],[-80.25308,37.7259],[-80.25202,37.72982],[-80.26031,37.73352],[-80.26277,37.73834],[-80.25741,37.75608],[-80.25088,37.75552],[-80.25166,37.76325],[-80.24839,37.76825],[-80.24144,37.76806],[-80.24086,37.77244],[-80.23046,37.7783],[-80.21661,37.77596],[-80.21589,37.78199],[-80.22349,37.78244],[-80.22304,37.78672],[-80.22949,37.79233],[-80.22769,37.79789],[-80.21861,37.80978],[-80.20648,37.81597],[-80.19297,37.83475],[-80.17939,37.83975],[-80.18356,37.84681],[-80.18275,37.85136],[-80.17674,37.85276],[-80.1622,37.87512],[-80.14985,37.88336],[-80.14895,37.88689],[-80.14152,37.88244],[-80.12977,37.89416],[-80.11775,37.89772],[-80.11897,37.90361],[-80.10293,37.91891],[-80.09656,37.91811],[-80.07451,37.94222],[-80.05684,37.95183],[-80.02744,37.943],[-80.00186,37.9605],[-79.99066,37.96055],[-79.97473,37.95368],[-79.93536,37.95436],[-79.8942,37.89802],[-79.88733,37.89297],[-79.80806,37.88077],[-79.74915,37.88544],[-79.72096,37.86826],[-79.69279,37.84446],[-79.66058,37.8721],[-79.6548,37.86787],[-79.64759,37.87454],[-79.64188,37.87157],[-79.62823,37.875],[-79.60623,37.86189],[-79.61677,37.85208],[-79.62544,37.82973],[-79.63778,37.81448],[-79.64282,37.81395],[-79.67418,37.7631],[-79.67416,37.76309],[-79.68161,37.74043],[-79.68877,37.73475],[-79.67634,37.6988],[-79.66774,37.69437],[-79.67208,37.67373],[-79.68355,37.66176],[-79.57323,37.59557],[-79.57797,37.58075],[-79.4987,37.5328],[-79.50509,37.52922],[-79.50468,37.52083],[-79.51422,37.51658],[-79.51894,37.50845],[-79.53264,37.50566],[-79.54555,37.48951],[-79.55518,37.49906],[-79.55896,37.49642],[-79.58111,37.4724],[-79.58274,37.45188],[-79.59371,37.44886],[-79.6026,37.45537],[-79.61718,37.45802],[-79.62816,37.4536],[-79.63841,37.46143],[-79.63977,37.4711],[-79.6535,37.48196],[-79.6592,37.48516],[-79.6771,37.4836],[-79.69039,37.4761],[-79.71908,37.44896],[-79.7518,37.4317],[-79.75679,37.42494],[-79.79049,37.40879],[-79.81404,37.40386],[-79.79311,37.38122],[-79.77774,37.38145],[-79.77606,37.37402],[-79.78332,37.36919],[-79.78868,37.34935],[-79.84378,37.31815],[-79.84728,37.30982],[-79.84078,37.30304],[-79.84073,37.29816],[-79.85038,37.29511],[-79.85075,37.28241],[-79.84654,37.27874],[-79.85841,37.26715],[-79.84647,37.24739],[-79.84267,37.22975],[-79.8519,37.22373],[-79.84722,37.22541],[-79.84359,37.21695],[-79.83301,37.21605],[-79.83029,37.22444]],[[-79.88331,37.20955],[-79.8835,37.20945],[-79.88649,37.20074],[-79.88331,37.20955]],[[-79.91058,37.17784],[-79.91136,37.17764],[-79.91391,37.16516],[-79.91058,37.17784]],[[-79.96189,37.13735],[-79.95379,37.13955],[-79.96223,37.13742],[-79.96189,37.13735]],[[-80.00894,37.17231],[-80.0092,37.17271],[-80.0232,37.17041],[-80.00894,37.17231]],[[-80.06783,37.16226],[-80.0446,37.16681],[-80.04292,37.16777],[-80.06561,37.16391],[-80.06783,37.16226]],[[-80.12214,37.12805],[-80.12247,37.13172],[-80.1223,37.12792],[-80.12214,37.12805]],[[-80.01514,37.31502],[-80.01605,37.31496],[-80.02221,37.30836],[-80.01514,37.31502]],[[-80.04081,37.26171],[-80.04005,37.26183],[-80.04078,37.26175],[-80.04081,37.26171]],[[-80.03723,37.25248],[-80.03748,37.2518],[-80.02883,37.24365],[-80.03723,37.25248]],[[-79.96557,37.33479],[-79.96689,37.33742],[-79.96823,37.33707],[-79.96557,37.33479]],[[-79.96996,37.33662],[-79.97408,37.33555],[-80.00496,37.31564],[-79.96996,37.33662]],[[-80.0192,37.29935],[-80.01945,37.30009],[-80.01962,37.29814],[-80.0192,37.29935]],[[-80.02192,37.29148],[-80.02326,37.29027],[-80.02295,37.2885],[-80.02192,37.29148]],[[-80.01427,37.27088],[-80.01419,37.27417],[-80.01845,37.26425],[-80.01427,37.27088]],[[-80.16681,37.60753],[-80.14495,37.59649],[-80.14477,37.59658],[-80.16681,37.60753]],[[-80.02055,37.64744],[-80.03192,37.63865],[-80.0169,37.64954],[-80.02055,37.64744]],[[-80.00578,37.65593],[-79.99881,37.6582],[-79.95737,37.68378],[-80.00578,37.65593]],[[-79.94172,37.69895],[-79.92425,37.69766],[-79.92311,37.69837],[-79.94172,37.69895]],[[-79.92082,37.69981],[-79.91756,37.70185],[-79.91672,37.70297],[-79.92082,37.69981]],[[-80.04564,37.44679],[-80.04303,37.44902],[-80.03046,37.4755],[-80.04564,37.44679]],[[-80.03203,37.63856],[-80.02762,37.62422],[-80.03201,37.63858],[-80.03203,37.63856]],[[-79.99928,37.80578],[-79.99205,37.79981],[-79.99887,37.80605],[-79.99928,37.80578]]]}},{"type":"Feature","properties":{"region_name":"Shenandoah Valley","region_slug":"shenandoah-valley","region_color":"#746493","locality_count":16},"geometry":{"type":"Polygon","coordinates":[[[-79.1463,37.87449],[-79.14672,37.86972],[-79.15151,37.86584],[-79.14437,37.86009],[-79.14435,37.85624],[-79.15895,37.83866],[-79.15454,37.83343],[-79.16015,37.82668],[-79.15808,37.81973],[-79.16424,37.81633],[-79.17184,37.80418],[-79.17088,37.80039],[-79.18967,37.79427],[-79.19865,37.78802],[-79.20903,37.78892],[-79.21771,37.79616],[-79.21631,37.80151],[-79.22889,37.80939],[-79.22835,37.81225],[-79.2331,37.81276],[-79.24594,37.80533],[-79.25574,37.79346],[-79.26092,37.79132],[-79.26565,37.79382],[-79.27914,37.77305],[-79.28947,37.76378],[-79.30301,37.74092],[-79.3085,37.73421],[-79.30495,37.72906],[-79.31748,37.71465],[-79.31534,37.70645],[-79.32013,37.69666],[-79.34058,37.67863],[-79.34524,37.66063],[-79.3584,37.65603],[-79.36557,37.6457],[-79.38035,37.64276],[-79.40158,37.62605],[-79.4193,37.6259],[-79.42637,37.61551],[-79.44528,37.61825],[-79.45743,37.60679],[-79.4575,37.59932],[-79.45042,37.58988],[-79.45214,37.58704],[-79.44637,37.58391],[-79.44902,37.57847],[-79.44272,37.576],[-79.4386,37.57788],[-79.43413,37.57213],[-79.44099,37.5635],[-79.4582,37.56002],[-79.46402,37.54962],[-79.47899,37.54838],[-79.49689,37.53691],[-79.4987,37.5328],[-79.57797,37.58075],[-79.57323,37.59557],[-79.68355,37.66176],[-79.67208,37.67373],[-79.66773,37.69451],[-79.67634,37.6988],[-79.68877,37.73475],[-79.68161,37.74043],[-79.67327,37.766],[-79.66658,37.7721],[-79.64309,37.81354],[-79.63778,37.81448],[-79.62553,37.8296],[-79.61677,37.85208],[-79.60623,37.86179],[-79.62795,37.87493],[-79.64217,37.87156],[-79.64753,37.87451],[-79.64763,37.87434],[-79.6548,37.86787],[-79.66058,37.8721],[-79.69279,37.84446],[-79.72096,37.86826],[-79.74915,37.88544],[-79.80806,37.88077],[-79.88733,37.89297],[-79.8942,37.89802],[-79.93337,37.95338],[-79.96228,37.95397],[-79.97507,37.95373],[-79.99066,37.96055],[-80.00209,37.96047],[-80.02744,37.943],[-80.05606,37.95196],[-80.01315,37.98425],[-80.01219,37.98863],[-79.99938,37.99491],[-79.99549,38.00712],[-79.98614,38.01418],[-79.98029,38.0276],[-79.9716,38.03523],[-79.9739,38.04],[-79.96016,38.06255],[-79.96165,38.06742],[-79.95437,38.0804],[-79.9264,38.10654],[-79.93895,38.11163],[-79.94526,38.13224],[-79.93275,38.13616],[-79.92614,38.14956],[-79.91866,38.15479],[-79.91951,38.16265],[-79.91621,38.16309],[-79.91486,38.16772],[-79.91882,38.17012],[-79.91645,38.17682],[-79.92103,38.17995],[-79.92008,38.18253],[-79.91441,38.18842],[-79.90739,38.18797],[-79.89733,38.19338],[-79.89032,38.20586],[-79.88296,38.20694],[-79.87459,38.21298],[-79.85697,38.23107],[-79.85033,38.23332],[-79.84521,38.24107],[-79.83511,38.2419],[-79.83089,38.24969],[-79.81715,38.24951],[-79.81199,38.2604],[-79.8022,38.26082],[-79.79797,38.26613],[-79.7062,38.22119],[-79.79592,38.26555],[-79.78923,38.26839],[-79.78647,38.27465],[-79.79545,38.29023],[-79.80278,38.29207],[-79.81015,38.30671],[-79.79655,38.32348],[-79.77309,38.33553],[-79.76759,38.3443],[-79.77035,38.3478],[-79.76443,38.35651],[-79.75556,38.35737],[-79.74218,38.35325],[-79.73531,38.35524],[-79.7256,38.36383],[-79.72679,38.37083],[-79.7317,38.37338],[-79.72951,38.38119],[-79.70663,38.41573],[-79.68967,38.43146],[-79.69148,38.44628],[-79.68811,38.45044],[-79.68837,38.45687],[-79.69109,38.46374],[-79.69912,38.47029],[-79.69947,38.47453],[-79.6934,38.48018],[-79.69757,38.48722],[-79.69227,38.49647],[-79.68835,38.49618],[-79.68297,38.50132],[-79.68037,38.51062],[-79.67049,38.50766],[-79.66847,38.51232],[-79.66217,38.51522],[-79.66677,38.52432],[-79.67297,38.52872],[-79.66687,38.53832],[-79.67088,38.54102],[-79.66977,38.55032],[-79.66507,38.56092],[-79.65928,38.56242],[-79.66287,38.57042],[-79.65797,38.57332],[-79.64908,38.59152],[-79.57177,38.56312],[-79.55547,38.56022],[-79.53687,38.55092],[-79.53197,38.54242],[-79.52147,38.53412],[-79.47664,38.45723],[-79.31228,38.41188],[-79.31802,38.40954],[-79.31948,38.40715],[-79.29078,38.42102],[-79.28294,38.4181],[-79.27968,38.42373],[-79.28275,38.43169],[-79.26732,38.43827],[-79.25448,38.45593],[-79.24267,38.45418],[-79.23988,38.47008],[-79.22455,38.47758],[-79.22458,38.47759],[-79.2209,38.48072],[-79.22141,38.48484],[-79.20856,38.49677],[-79.20696,38.50352],[-79.21096,38.50802],[-79.20586,38.52452],[-79.18406,38.55152],[-79.17666,38.56552],[-79.17095,38.56812],[-79.17086,38.57412],[-79.15826,38.59312],[-79.15926,38.60092],[-79.15436,38.60652],[-79.15146,38.62022],[-79.13756,38.63802],[-79.13076,38.65372],[-79.12045,38.66021],[-79.10636,38.65622],[-79.09446,38.65892],[-79.09295,38.66441],[-79.0843,38.68651],[-79.09076,38.69252],[-79.09295,38.702],[-79.07905,38.73721],[-79.07235,38.74781],[-79.05755,38.76021],[-79.05565,38.77091],[-79.05155,38.77261],[-79.05495,38.78571],[-79.04655,38.79211],[-79.02725,38.79211],[-79.02304,38.79861],[-79.02405,38.80921],[-79.01984,38.81171],[-79.01953,38.81791],[-79.00655,38.82371],[-78.99901,38.84007],[-79.00025,38.84541],[-78.99376,38.85002],[-78.86927,38.76327],[-78.82906,38.81862],[-78.79633,38.87511],[-78.78602,38.88719],[-78.75908,38.90053],[-78.75036,38.91167],[-78.75052,38.91603],[-78.73915,38.92713],[-78.72244,38.93141],[-78.71708,38.93603],[-78.72083,38.91363],[-78.71929,38.90523],[-78.71663,38.90448],[-78.70432,38.91523],[-78.69744,38.91436],[-78.68827,38.92478],[-78.68046,38.92531],[-78.67068,38.9338],[-78.64659,38.96814],[-78.63842,38.96682],[-78.6278,38.98179],[-78.62045,38.9826],[-78.61868,38.97408],[-78.61118,38.97613],[-78.6102,38.97048],[-78.60165,38.9646],[-78.57046,39.00155],[-78.55047,39.01807],[-78.5719,39.032],[-78.54418,39.05656],[-78.52271,39.07106],[-78.51648,39.0818],[-78.49516,39.10099],[-78.4796,39.1095],[-78.47538,39.10747],[-78.45987,39.11335],[-78.43943,39.13215],[-78.43666,39.14169],[-78.42729,39.15273],[-78.41394,39.15841],[-78.4037,39.16745],[-78.41484,39.17783],[-78.41894,39.17735],[-78.42632,39.18276],[-78.4287,39.18722],[-78.4249,39.1933],[-78.4387,39.19809],[-78.40558,39.23118],[-78.40421,39.24121],[-78.39967,39.24387],[-78.41942,39.25748],[-78.40278,39.27547],[-78.40289,39.27862],[-78.39337,39.28299],[-78.38588,39.29489],[-78.36724,39.31015],[-78.36407,39.31882],[-78.36003,39.31777],[-78.3463,39.33911],[-78.34741,39.3434],[-78.33928,39.3486],[-78.34041,39.35363],[-78.36687,39.35929],[-78.34321,39.38881],[-78.35092,39.39099],[-78.34944,39.39725],[-78.35992,39.40903],[-78.35694,39.41693],[-78.34672,39.42762],[-78.35323,39.43679],[-78.34655,39.44262],[-78.34514,39.45948],[-78.3498,39.46181],[-78.34709,39.46601],[-78.26279,39.41432],[-78.15819,39.34339],[-78.03319,39.26461],[-77.8283,39.13243],[-77.8438,39.11975],[-77.86282,39.08098],[-77.8776,39.07804],[-77.89328,39.05543],[-77.94123,39.02347],[-77.95641,39.0209],[-77.96227,39.01369],[-77.97428,39.00335],[-77.98936,38.99725],[-78.00431,38.97944],[-78.01703,38.97119],[-78.01715,38.96612],[-78.02899,38.95016],[-78.03693,38.94721],[-78.03956,38.93983],[-78.06073,38.93148],[-78.06379,38.92397],[-78.07515,38.91261],[-78.07214,38.90361],[-78.06176,38.90025],[-78.0618,38.89195],[-78.06868,38.893],[-78.07579,38.88606],[-78.09198,38.88559],[-78.09492,38.87984],[-78.11222,38.88037],[-78.11421,38.87689],[-78.13006,38.87001],[-78.13118,38.8617],[-78.14297,38.8591],[-78.14202,38.85565],[-78.15264,38.85438],[-78.15141,38.84836],[-78.15914,38.84252],[-78.15996,38.8365],[-78.16859,38.83369],[-78.17096,38.82928],[-78.17086,38.81919],[-78.18021,38.81805],[-78.18175,38.79946],[-78.18459,38.79295],[-78.19341,38.78728],[-78.19544,38.78116],[-78.20669,38.7742],[-78.21299,38.77485],[-78.22469,38.76814],[-78.23464,38.76747],[-78.23859,38.76199],[-78.24431,38.76327],[-78.25296,38.75704],[-78.27338,38.76206],[-78.28481,38.75931],[-78.29054,38.75037],[-78.29948,38.74837],[-78.30348,38.73891],[-78.31878,38.73787],[-78.33222,38.70564],[-78.33171,38.70264],[-78.31999,38.69835],[-78.31439,38.68251],[-78.32397,38.6727],[-78.31755,38.6695],[-78.32014,38.65953],[-78.31558,38.65156],[-78.32587,38.63072],[-78.34098,38.62568],[-78.34598,38.61796],[-78.35496,38.61201],[-78.36031,38.6136],[-78.3741,38.59449],[-78.38319,38.58832],[-78.38566,38.58266],[-78.38093,38.56131],[-78.38895,38.5549],[-78.39523,38.55564],[-78.41319,38.54776],[-78.41975,38.5344],[-78.43021,38.52689],[-78.43803,38.5309],[-78.44277,38.52778],[-78.43608,38.5217],[-78.4411,38.51611],[-78.44582,38.50005],[-78.4416,38.49],[-78.44512,38.48847],[-78.46266,38.45953],[-78.46507,38.447],[-78.47433,38.44559],[-78.47772,38.43857],[-78.47657,38.43215],[-78.48224,38.42992],[-78.48574,38.42158],[-78.48672,38.41611],[-78.50269,38.39648],[-78.509,38.39293],[-78.51514,38.39372],[-78.51864,38.38125],[-78.52642,38.37244],[-78.52279,38.36951],[-78.54393,38.36332],[-78.54687,38.35291],[-78.55381,38.3485],[-78.55314,38.33482],[-78.56723,38.32824],[-78.58751,38.32483],[-78.60104,38.31468],[-78.60272,38.30689],[-78.62852,38.30002],[-78.63527,38.29163],[-78.65121,38.29346],[-78.6639,38.27668],[-78.66065,38.27026],[-78.6664,38.26605],[-78.65515,38.26063],[-78.66219,38.25348],[-78.66981,38.24733],[-78.68103,38.25491],[-78.69524,38.24646],[-78.70657,38.24644],[-78.71124,38.23864],[-78.72627,38.23196],[-78.73639,38.2201],[-78.74214,38.21772],[-78.7494,38.20665],[-78.75261,38.19424],[-78.77177,38.1661],[-78.77148,38.15516],[-78.77543,38.14101],[-78.77908,38.13989],[-78.7795,38.13209],[-78.78804,38.12679],[-78.78529,38.1197],[-78.78754,38.11729],[-78.78065,38.11278],[-78.77904,38.10649],[-78.78382,38.10081],[-78.7772,38.09322],[-78.78108,38.08076],[-78.78603,38.08167],[-78.79365,38.07781],[-78.79218,38.07044],[-78.79631,38.06747],[-78.82993,38.05402],[-78.85519,38.03579],[-78.8581,38.02943],[-78.87369,38.02862],[-78.88195,38.01818],[-78.8819,38.00869],[-78.88793,37.99662],[-78.89759,37.99501],[-78.90705,37.98722],[-78.90757,37.97607],[-78.89361,37.97715],[-78.89261,37.97496],[-78.90241,37.95805],[-78.90228,37.9514],[-78.89909,37.9488],[-78.90943,37.94535],[-78.91996,37.94628],[-78.92675,37.94007],[-78.94186,37.94041],[-78.95695,37.92588],[-78.95907,37.92026],[-78.95505,37.91644],[-78.97029,37.91268],[-78.98112,37.90596],[-78.98747,37.89587],[-79.00513,37.88169],[-79.01598,37.88755],[-79.01723,37.89345],[-79.04455,37.89089],[-79.04569,37.89775],[-79.05018,37.89997],[-79.05226,37.91279],[-79.05681,37.91263],[-79.06245,37.9176],[-79.06911,37.91336],[-79.0764,37.91513],[-79.09122,37.91093],[-79.1013,37.90374],[-79.11609,37.90206],[-79.12222,37.89598],[-79.14594,37.88888],[-79.15064,37.89262],[-79.15743,37.891],[-79.18398,37.91419],[-79.15149,37.88565],[-79.15176,37.87848],[-79.1463,37.87449]],[[-78.92689,38.31138],[-79.00735,38.3563],[-78.93069,38.31342],[-78.92689,38.31138]],[[-78.89409,38.30661],[-78.91263,38.30371],[-78.91177,38.30325],[-78.89409,38.30661]],[[-79.51216,38.18042],[-79.51168,38.17683],[-79.51197,38.18055],[-79.51216,38.18042]],[[-79.52156,38.16259],[-79.53273,38.15704],[-79.53236,38.15542],[-79.52156,38.16259]],[[-79.53208,38.15421],[-79.53166,38.15239],[-79.52889,38.1527],[-79.53208,38.15421]],[[-79.44575,38.1684],[-79.43705,38.16303],[-79.43694,38.16324],[-79.44575,38.1684]],[[-79.38136,37.70658],[-79.37384,37.69722],[-79.37171,37.69575],[-79.38136,37.70658]],[[-79.38075,37.74178],[-79.38112,37.74041],[-79.37485,37.73886],[-79.38075,37.74178]],[[-79.36492,37.74462],[-79.38027,37.74359],[-79.38062,37.74228],[-79.36492,37.74462]],[[-79.62753,37.91014],[-79.64692,37.8756],[-79.60902,37.93581],[-79.62753,37.91014]],[[-78.94851,38.0681],[-78.95028,38.06949],[-78.9507,38.06448],[-78.94851,38.0681]],[[-79.09889,38.18117],[-79.10102,38.17982],[-79.10115,38.17954],[-79.09889,38.18117]],[[-79.0599,38.18681],[-79.08824,38.18793],[-79.08899,38.18745],[-79.0599,38.18681]],[[-79.0239,38.13995],[-79.02221,38.14117],[-79.02187,38.14208],[-79.0239,38.13995]],[[-79.10488,38.13907],[-79.10467,38.13873],[-79.08657,38.12696],[-79.10488,38.13907]],[[-79.11328,38.15376],[-79.11357,38.15315],[-79.10882,38.14546],[-79.11328,38.15376]],[[-79.32282,38.40167],[-79.32257,38.40153],[-79.32222,38.40266],[-79.32282,38.40167]],[[-79.3143,38.39683],[-79.30854,38.39356],[-79.30854,38.39375],[-79.3143,38.39683]],[[-79.30853,38.39131],[-79.30869,38.38286],[-79.3085,38.38296],[-79.30853,38.39131]],[[-79.33332,38.37702],[-79.33341,38.37689],[-79.32815,38.37747],[-79.33332,38.37702]],[[-79.34028,38.36659],[-79.33728,38.36052],[-79.33702,38.36064],[-79.34028,38.36659]],[[-79.38749,38.30905],[-79.38753,38.30889],[-79.38716,38.30947],[-79.38749,38.30905]],[[-78.39201,39.09273],[-78.39294,39.10171],[-78.39302,39.10175],[-78.39201,39.09273]],[[-78.34951,39.09824],[-78.34333,39.0957],[-78.34332,39.09575],[-78.34951,39.09824]],[[-78.34306,39.09774],[-78.34248,39.10224],[-78.34263,39.1022],[-78.34306,39.09774]],[[-78.34189,39.10238],[-78.3389,39.10208],[-78.34,39.10286],[-78.34189,39.10238]],[[-78.33376,39.09848],[-78.33577,39.09989],[-78.33449,39.09132],[-78.33428,39.09127],[-78.33376,39.09848]],[[-78.33075,39.09044],[-78.32903,39.09003],[-78.3289,39.09013],[-78.33075,39.09044]],[[-78.33421,39.08622],[-78.33672,39.08444],[-78.33668,39.08441],[-78.33421,39.08622]],[[-78.33269,39.08161],[-78.32451,39.07585],[-78.32443,39.07587],[-78.33269,39.08161]],[[-78.34717,39.05979],[-78.34721,39.05979],[-78.33395,39.04786],[-78.34717,39.05979]],[[-78.31886,39.03614],[-78.30968,39.03393],[-78.30949,39.03397],[-78.31886,39.03614]],[[-78.32106,39.03118],[-78.3211,39.03117],[-78.31936,39.02971],[-78.32106,39.03118]],[[-78.31401,39.0251],[-78.31387,39.02343],[-78.31396,39.02506],[-78.31401,39.0251]],[[-78.31374,39.02113],[-78.31971,39.01896],[-78.31374,39.02108],[-78.31374,39.02113]],[[-78.31312,39.01036],[-78.31234,39.00934],[-78.31205,39.00957],[-78.31312,39.01036]],[[-78.32507,39.00013],[-78.32737,39.0001],[-78.32532,38.99995],[-78.32507,39.00013]],[[-78.33292,39.00004],[-78.3335,39.00003],[-78.32851,38.9913],[-78.33292,39.00004]],[[-78.33091,38.96154],[-78.33521,38.94957],[-78.33505,38.94964],[-78.33091,38.96154]],[[-78.33215,38.88756],[-78.33287,38.88557],[-78.33178,38.8875],[-78.33215,38.88756]],[[-78.33628,38.87958],[-78.34969,38.86653],[-78.33857,38.87555],[-78.33628,38.87958]],[[-78.69131,38.51001],[-78.64631,38.49164],[-78.691,38.51049],[-78.69131,38.51001]],[[-78.5483,38.4264],[-78.54793,38.42638],[-78.55846,38.44709],[-78.5483,38.4264]],[[-78.5416,38.42596],[-78.54115,38.42642],[-78.54606,38.42625],[-78.5416,38.42596]],[[-78.54883,38.73866],[-78.54889,38.73852],[-78.50926,38.72563],[-78.54883,38.73866]],[[-78.55234,38.73148],[-78.58989,38.68641],[-78.55414,38.72773],[-78.55234,38.73148]],[[-78.62452,38.62207],[-78.63593,38.6106],[-78.62699,38.61748],[-78.62452,38.62207]],[[-78.15164,39.03659],[-78.15161,39.03663],[-78.15162,39.03664],[-78.15164,39.03659]],[[-78.11264,39.09217],[-78.11178,39.09343],[-78.11273,39.09219],[-78.11264,39.09217]],[[-78.10706,39.10031],[-78.10718,39.10044],[-78.10781,39.09922],[-78.10706,39.10031]],[[-78.11075,39.10411],[-78.11081,39.1041],[-78.10999,39.10332],[-78.11075,39.10411]],[[-78.10203,39.10609],[-78.10214,39.10622],[-78.10928,39.10447],[-78.10203,39.10609]],[[-78.1022,39.12043],[-78.10826,39.11933],[-78.10821,39.11929],[-78.1022,39.12043]],[[-78.20051,39.18014],[-78.18935,39.17519],[-78.2005,39.18016],[-78.20051,39.18014]],[[-78.19663,39.14215],[-78.18305,39.13728],[-78.19689,39.14302],[-78.19663,39.14215]],[[-78.18314,39.13106],[-78.1511,39.17317],[-78.18314,39.13108],[-78.18314,39.13106]]]}},{"type":"Feature","properties":{"region_name":"Southside Virginia","region_slug":"southside-virginia","region_color":"#AA607D","locality_count":14},"geometry":{"type":"MultiPolygon","coordinates":[[[[-79.59407,37.04221],[-79.56431,37.0347],[-79.56091,37.03619],[-79.56215,37.04158],[-79.55948,37.0439],[-79.54926,37.04199],[-79.54265,37.045],[-79.55073,37.05287],[-79.54255,37.05163],[-79.538,37.04913],[-79.53561,37.04113],[-79.49842,37.02435],[-79.48438,37.00751],[-79.47992,37.00603],[-79.47175,37.01402],[-79.46033,37.01555],[-79.45897,37.01942],[-79.48327,37.03529],[-79.48013,37.04419],[-79.49001,37.05569],[-79.49008,37.06199],[-79.47785,37.06424],[-79.44608,37.05554],[-79.43267,37.06046],[-79.40524,37.06324],[-79.40291,37.06898],[-79.40473,37.09178],[-79.38802,37.09272],[-79.37111,37.10585],[-79.37087,37.11271],[-79.38199,37.11588],[-79.38243,37.11943],[-79.35185,37.12264],[-79.34128,37.12816],[-79.34524,37.13363],[-79.34056,37.13738],[-79.33699,37.13599],[-79.33262,37.12585],[-79.29723,37.10502],[-79.28282,37.10563],[-79.27266,37.11116],[-79.26442,37.12684],[-79.25403,37.13289],[-79.24417,37.12431],[-79.23668,37.10293],[-79.23183,37.09888],[-79.22206,37.10139],[-79.22206,37.11541],[-79.21805,37.11866],[-79.21303,37.1179],[-79.20296,37.10672],[-79.20087,37.09711],[-79.20587,37.07478],[-79.19311,37.05464],[-79.18792,37.05713],[-79.18092,37.07069],[-79.1671,37.06751],[-79.13989,37.07729],[-79.13238,37.08837],[-79.11941,37.08835],[-79.11038,37.06791],[-79.09226,37.0615],[-79.05683,37.04543],[-79.04028,37.04562],[-79.01672,37.03967],[-79.0059,37.03],[-78.97168,37.05006],[-78.96766,37.04568],[-78.93709,37.03572],[-78.92322,37.02699],[-78.90479,37.02261],[-78.90251,37.01162],[-78.90459,37.02229],[-78.83209,37.1871],[-78.82421,37.20536],[-78.80617,37.20261],[-78.77755,37.22901],[-78.76395,37.22867],[-78.75335,37.22068],[-78.74111,37.22456],[-78.73448,37.22023],[-78.72703,37.22544],[-78.72033,37.2371],[-78.70761,37.23737],[-78.68157,37.24876],[-78.69254,37.20451],[-78.68636,37.1998],[-78.68606,37.19396],[-78.68034,37.19742],[-78.66635,37.19753],[-78.6402,37.19269],[-78.63493,37.17006],[-78.62384,37.16446],[-78.62042,37.15766],[-78.60521,37.15176],[-78.59688,37.15234],[-78.59292,37.14406],[-78.58385,37.14066],[-78.56816,37.14866],[-78.54702,37.15039],[-78.54299,37.14114],[-78.52873,37.14111],[-78.51538,37.13277],[-78.50188,37.11422],[-78.50363,37.10635],[-78.48089,37.0852],[-78.45906,37.08566],[-78.44798,37.07817],[-78.44364,37.07937],[-78.38232,37.08949],[-78.37088,37.09684],[-78.37014,37.10149],[-78.36005,37.10607],[-78.34884,37.10238],[-78.31461,37.10247],[-78.3079,37.09898],[-78.29571,37.10275],[-78.28434,37.10154],[-78.27414,37.10385],[-78.26582,37.11162],[-78.25191,37.1137],[-78.23935,37.12009],[-78.23816,37.19482],[-78.23123,37.29622],[-77.98487,37.2376],[-77.79598,37.19243],[-77.79945,37.1853],[-77.80507,37.18311],[-77.80606,37.17583],[-77.81597,37.16853],[-77.84169,37.16985],[-77.84572,37.16515],[-77.85562,37.16406],[-77.87589,37.14793],[-77.90034,37.14388],[-77.88981,36.98882],[-77.91732,36.98665],[-77.88812,36.9879],[-77.88258,36.99167],[-77.87157,36.99174],[-77.86552,36.98844],[-77.86288,36.99213],[-77.85452,36.99155],[-77.85069,36.98811],[-77.85018,36.99126],[-77.83983,36.99591],[-77.83264,36.99132],[-77.81944,36.98967],[-77.81011,36.98338],[-77.79431,36.98436],[-77.77797,36.97496],[-77.76554,36.97466],[-77.76203,36.96978],[-77.76176,36.96161],[-77.75557,36.95621],[-77.74561,36.95895],[-77.74637,36.95309],[-77.74107,36.95337],[-77.73798,36.94616],[-77.72781,36.94338],[-77.7231,36.93258],[-77.71508,36.92622],[-77.71519,36.9148],[-77.70089,36.91643],[-77.69391,36.90618],[-77.67653,36.9044],[-77.66559,36.89547],[-77.6579,36.89451],[-77.6579,36.89474],[-77.64827,36.8975],[-77.64545,36.88942],[-77.64789,36.88135],[-77.64084,36.87447],[-77.63337,36.87541],[-77.63224,36.87887],[-77.63888,36.88484],[-77.63195,36.88811],[-77.62529,36.88052],[-77.61888,36.87792],[-77.3985,36.99298],[-77.18907,37.09799],[-77.15541,37.11203],[-77.15336,37.10454],[-77.14839,37.10141],[-77.13922,37.10415],[-77.12871,37.0971],[-77.11139,37.10062],[-77.10645,37.09527],[-77.10827,37.09117],[-77.1031,37.08873],[-77.10164,37.08401],[-77.0937,37.08633],[-77.08824,37.08253],[-77.08001,37.08489],[-77.07547,37.07232],[-77.07852,37.06848],[-77.07561,37.06651],[-77.06861,37.06793],[-77.04962,37.0626],[-77.04462,37.0702],[-77.0358,37.0701],[-77.03351,37.06646],[-77.01675,37.06126],[-77.01467,37.0579],[-77.00627,37.05817],[-77.00307,37.05144],[-76.98468,37.04965],[-76.98313,37.05375],[-76.97759,37.05071],[-76.96568,37.05483],[-76.96351,37.04371],[-76.96947,37.04039],[-76.96853,37.03723],[-76.96607,37.00015],[-76.95355,36.94445],[-77.12469,36.85629],[-77.3448,36.75259],[-77.43095,36.70722],[-77.43264,36.71031],[-77.43093,36.70714],[-77.50192,36.67051],[-77.49456,36.66764],[-77.49325,36.67203],[-77.48403,36.66655],[-77.4776,36.6691],[-77.47515,36.6652],[-77.47703,36.66142],[-77.46936,36.66014],[-77.46345,36.65209],[-77.4564,36.65565],[-77.45805,36.65124],[-77.44735,36.6497],[-77.4428,36.65201],[-77.4388,36.65017],[-77.43759,36.65511],[-77.43105,36.65179],[-77.42926,36.65529],[-77.42388,36.65249],[-77.4196,36.65456],[-77.41865,36.65179],[-77.41538,36.65417],[-77.40699,36.64748],[-77.39934,36.64716],[-77.39853,36.64441],[-77.39657,36.6467],[-77.3904,36.63887],[-77.3869,36.64221],[-77.38655,36.62966],[-77.38261,36.63327],[-77.37345,36.62996],[-77.37224,36.6264],[-77.37655,36.62406],[-77.37324,36.62216],[-77.37585,36.62084],[-77.36757,36.61387],[-77.37175,36.61401],[-77.37132,36.60709],[-77.36639,36.60491],[-77.3627,36.60688],[-77.36439,36.60156],[-77.35722,36.60038],[-77.35983,36.59267],[-77.35559,36.59076],[-77.35831,36.58747],[-77.35588,36.58065],[-77.36241,36.57328],[-77.35507,36.55418],[-77.35121,36.55471],[-77.34807,36.55044],[-77.34332,36.55377],[-77.3358,36.5508],[-77.33563,36.55472],[-77.33063,36.55468],[-77.33175,36.55784],[-77.32586,36.55372],[-77.32302,36.55584],[-77.32253,36.55042],[-77.31507,36.54896],[-77.31215,36.55171],[-77.312,36.54693],[-77.30195,36.54839],[-77.29681,36.54486],[-77.76715,36.54537],[-77.829,36.545],[-78.04627,36.54355],[-78.04622,36.54416],[-78.73412,36.54194],[-78.96332,36.54218],[-79.21846,36.54165],[-79.34312,36.54159],[-79.47006,36.54097],[-79.71485,36.54196],[-79.59407,37.04221]],[[-78.62325,36.67251],[-78.63949,36.69436],[-78.64032,36.69469],[-78.62472,36.67331],[-78.62325,36.67251]],[[-78.55773,36.6404],[-78.55946,36.64103],[-78.55077,36.62879],[-78.55773,36.6404]],[[-78.54923,36.62623],[-78.54994,36.62742],[-78.56074,36.63936],[-78.54923,36.62623]],[[-78.67662,36.68787],[-78.6498,36.69027],[-78.67395,36.68909],[-78.67662,36.68787]],[[-78.69235,36.67887],[-78.68448,36.68429],[-78.70272,36.67598],[-78.69235,36.67887]],[[-78.71995,36.58875],[-78.71248,36.59301],[-78.72005,36.58883],[-78.71995,36.58875]],[[-78.71601,36.58579],[-78.71789,36.58713],[-78.71615,36.58576],[-78.71601,36.58579]],[[-78.71571,36.58023],[-78.71585,36.58042],[-78.71741,36.57779],[-78.71571,36.58023]],[[-78.72479,36.57718],[-78.71873,36.57591],[-78.71858,36.57612],[-78.72474,36.57838],[-78.72479,36.57718]],[[-78.7252,36.56968],[-78.72521,36.56975],[-78.72662,36.56971],[-78.7252,36.56968]],[[-78.73106,36.56715],[-78.73297,36.56956],[-78.73339,36.56955],[-78.73106,36.56715]],[[-79.5119,36.60566],[-79.50969,36.61293],[-79.51163,36.61176],[-79.5119,36.60566]],[[-79.43796,36.6078],[-79.43094,36.59969],[-79.42967,36.59981],[-79.43796,36.6078]],[[-79.41645,36.61011],[-79.41452,36.61334],[-79.41612,36.61842],[-79.41645,36.61011]],[[-79.40396,36.6301],[-79.40548,36.63611],[-79.40662,36.63361],[-79.40396,36.6301]],[[-79.40521,36.6367],[-79.40021,36.64185],[-79.40302,36.6415],[-79.40521,36.6367]],[[-79.30269,36.5745],[-79.30696,36.56944],[-79.30561,36.5696],[-79.30269,36.5745]],[[-79.32973,36.56925],[-79.32774,36.57015],[-79.33171,36.57292],[-79.33314,36.57253],[-79.32973,36.56925]],[[-79.49907,36.593],[-79.51926,36.60212],[-79.51927,36.60208],[-79.49907,36.593]],[[-78.89907,36.99173],[-78.89167,37.00181],[-78.8921,37.0022],[-78.89907,36.99173]],[[-78.90203,36.98729],[-78.90169,36.98647],[-78.90155,36.98802],[-78.90203,36.98729]],[[-78.89818,36.97809],[-78.89409,36.97766],[-78.89961,36.98151],[-78.89818,36.97809]],[[-78.89011,36.97724],[-78.87037,36.98607],[-78.89113,36.97735],[-78.89011,36.97724]],[[-78.79446,36.9553],[-78.79422,36.9552],[-78.80071,36.9721],[-78.79446,36.9553]],[[-78.78833,36.95276],[-78.78709,36.95318],[-78.79249,36.95448],[-78.78833,36.95276]],[[-78.74082,36.9964],[-78.74177,37.00373],[-78.74266,37.00423],[-78.74082,36.9964]],[[-78.74918,36.92878],[-78.75004,36.92557],[-78.74862,36.9289],[-78.74918,36.92878]],[[-78.75107,36.92171],[-78.72338,36.90567],[-78.75095,36.92218],[-78.75107,36.92171]],[[-78.68755,36.86457],[-78.68714,36.86383],[-78.67291,36.85926],[-78.67353,36.86017],[-78.68755,36.86457]],[[-78.66918,36.8516],[-78.67018,36.85525],[-78.67146,36.85712],[-78.66918,36.8516]],[[-78.66747,36.83988],[-78.66613,36.84048],[-78.66646,36.8417],[-78.66747,36.83988]],[[-78.67132,36.75879],[-78.66966,36.75917],[-78.66943,36.75951],[-78.67132,36.75879]],[[-78.68036,36.75534],[-78.68101,36.75509],[-78.69133,36.74185],[-78.69126,36.74143],[-78.68036,36.75534]],[[-78.69076,36.73831],[-78.67116,36.72082],[-78.69116,36.74077],[-78.69076,36.73831]],[[-78.02741,36.77786],[-78.0458,36.54922],[-78.0245,36.80784],[-78.02741,36.77786]],[[-77.61863,36.87782],[-77.61374,36.87584],[-77.60615,36.87727],[-77.61863,36.87782]],[[-77.56728,36.8531],[-77.55754,36.84557],[-77.55722,36.84576],[-77.56728,36.8531]],[[-77.56032,36.70123],[-77.5601,36.6968],[-77.55606,36.67539],[-77.56032,36.70123]],[[-77.55596,36.67486],[-77.55595,36.67483],[-77.55579,36.67478],[-77.55596,36.67486]],[[-77.5473,36.67214],[-77.54616,36.67179],[-77.54581,36.67201],[-77.5473,36.67214]],[[-77.51911,36.69922],[-77.51225,36.70155],[-77.51908,36.69927],[-77.51911,36.69922]],[[-77.50978,36.7167],[-77.50952,36.71718],[-77.51155,36.71817],[-77.50978,36.7167]],[[-77.5151,36.71991],[-77.51628,36.72048],[-77.52184,36.71283],[-77.5151,36.71991]],[[-78.00126,37.02434],[-78.00841,37.02184],[-78.00364,37.02276],[-78.00126,37.02434]],[[-77.99602,37.02236],[-78.00071,37.02453],[-78.00098,37.02444],[-77.99602,37.02236]],[[-78.1193,37.03523],[-78.15057,37.04722],[-78.12772,37.03755],[-78.1193,37.03523]],[[-78.17557,37.07628],[-78.17711,37.0732],[-78.1766,37.07319],[-78.17557,37.07628]],[[-78.17794,37.07323],[-78.19111,37.07447],[-78.18879,37.07351],[-78.17794,37.07323]],[[-78.19246,37.07502],[-78.19305,37.08116],[-78.19313,37.0753],[-78.19246,37.07502]],[[-78.19865,37.07834],[-78.20009,37.07856],[-78.19956,37.07788],[-78.19865,37.07834]],[[-78.20121,37.08324],[-78.20547,37.08548],[-78.20195,37.08096],[-78.20121,37.08324]],[[-78.20612,37.08582],[-78.20998,37.08292],[-78.20565,37.08557],[-78.20612,37.08582]],[[-78.22634,37.09589],[-78.22957,37.09727],[-78.22429,37.08968],[-78.22634,37.09589]],[[-78.23031,37.09833],[-78.22993,37.10137],[-78.23066,37.09883],[-78.23031,37.09833]],[[-78.22962,37.10245],[-78.22495,37.10339],[-78.22958,37.10259],[-78.22962,37.10245]],[[-78.02885,37.01782],[-78.0341,37.01398],[-78.02839,37.0178],[-78.02885,37.01782]],[[-78.0628,37.01382],[-78.06566,37.01238],[-78.05952,37.01181],[-78.0628,37.01382]],[[-78.07312,37.0132],[-78.07351,37.01311],[-78.07281,37.01305],[-78.07312,37.0132]],[[-78.07541,37.01269],[-78.08213,37.01118],[-78.0796,37.01046],[-78.07541,37.01269]],[[-78.08257,37.0113],[-78.08279,37.01663],[-78.08305,37.01144],[-78.08257,37.0113]],[[-78.09024,37.02075],[-78.10023,37.02511],[-78.08279,37.01663],[-78.09024,37.02075]],[[-78.10822,37.02207],[-78.10041,37.02519],[-78.10074,37.02533],[-78.10848,37.02307],[-78.10822,37.02207]],[[-78.10896,37.02928],[-78.11015,37.02941],[-78.10919,37.02578],[-78.10896,37.02928]]],[[[-79.67455,36.82934],[-79.66885,36.82794],[-79.65875,36.83454],[-79.65695,36.84094],[-79.64065,36.85614],[-79.71485,36.54196],[-80.05346,36.54252],[-80.29408,36.54404],[-80.37798,36.54784],[-80.61206,36.5579],[-80.61499,36.58852],[-80.62291,36.59198],[-80.6256,36.60619],[-80.61936,36.61203],[-80.62179,36.61982],[-80.6141,36.62337],[-80.61098,36.63312],[-80.60351,36.63858],[-80.60296,36.65266],[-80.59871,36.65132],[-80.59253,36.65536],[-80.59495,36.66137],[-80.58099,36.66271],[-80.56644,36.65701],[-80.56468,36.65241],[-80.55388,36.65314],[-80.54987,36.64248],[-80.54021,36.64105],[-80.52888,36.6459],[-80.52519,36.64421],[-80.50152,36.65659],[-80.48874,36.65035],[-80.4892,36.66206],[-80.46601,36.67307],[-80.4603,36.69327],[-80.45377,36.70045],[-80.45524,36.70536],[-80.46428,36.70952],[-80.46171,36.72473],[-80.45264,36.73069],[-80.45841,36.73869],[-80.44349,36.74793],[-80.43173,36.74343],[-80.41172,36.74184],[-80.39475,36.74444],[-80.39308,36.74852],[-80.39844,36.75624],[-80.3977,36.76229],[-80.38733,36.77027],[-80.39207,36.77753],[-80.38541,36.78367],[-80.39082,36.79045],[-80.38691,36.79768],[-80.37444,36.80449],[-80.3616,36.80309],[-80.35091,36.80831],[-80.34164,36.82023],[-80.34429,36.83228],[-80.32873,36.83056],[-80.32692,36.83651],[-80.3215,36.83757],[-80.31749,36.84366],[-80.30534,36.84211],[-80.29417,36.84781],[-80.28804,36.85923],[-80.27478,36.86199],[-80.27192,36.85925],[-80.26885,36.86283],[-80.25523,36.86467],[-80.2533,36.87069],[-80.23546,36.87213],[-80.09923,36.84578],[-80.08962,36.84559],[-80.08397,36.8491],[-80.06665,36.8416],[-80.06914,36.83456],[-80.07819,36.8367],[-80.07747,36.8314],[-80.0703,36.83011],[-80.07159,36.82152],[-80.04324,36.8005],[-80.04149,36.79436],[-80.03075,36.78251],[-80.0153,36.7816],[-80.01376,36.78636],[-80.01923,36.7862],[-80.02725,36.79186],[-80.01637,36.79353],[-80.01203,36.78964],[-79.99977,36.83074],[-79.80206,36.79214],[-79.78676,36.80074],[-79.76926,36.79444],[-79.76346,36.79864],[-79.76176,36.78834],[-79.74925,36.79404],[-79.75015,36.79884],[-79.74142,36.80681],[-79.73626,36.81294],[-79.69095,36.82884],[-79.68715,36.82814],[-79.68715,36.82504],[-79.67455,36.82934]],[[-80.08152,36.70322],[-80.0924,36.71974],[-80.08982,36.71286],[-80.08152,36.70322]],[[-80.09327,36.72208],[-80.0847,36.74015],[-80.09421,36.72458],[-80.09327,36.72208]],[[-79.90408,36.68413],[-79.89418,36.67204],[-79.90366,36.68464],[-79.90408,36.68413]],[[-79.84223,36.6438],[-79.84108,36.64429],[-79.84441,36.64537],[-79.84223,36.6438]],[[-79.82626,36.65794],[-79.82708,36.65844],[-79.82966,36.65314],[-79.82626,36.65794]],[[-79.83988,36.69162],[-79.83736,36.70414],[-79.8443,36.67092],[-79.83988,36.69162]]]]}},{"type":"Feature","properties":{"region_name":"Southwest Virginia","region_slug":"southwest-virginia","region_color":"#765B50","locality_count":16},"geometry":{"type":"Polygon","coordinates":[[[-82.24323,36.59572],[-82.24276,36.59591],[-82.29413,36.5957],[-82.57213,36.5946],[-82.98512,36.59373],[-83.2611,36.59389],[-83.2763,36.59819],[-83.55692,36.59738],[-83.67539,36.60078],[-83.6732,36.60464],[-83.66355,36.60693],[-83.64931,36.61677],[-83.64512,36.62431],[-83.63471,36.62289],[-83.62402,36.62551],[-83.6139,36.63485],[-83.58645,36.64386],[-83.57761,36.64139],[-83.56243,36.65125],[-83.53705,36.65893],[-83.53015,36.66605],[-83.49922,36.67044],[-83.46661,36.66471],[-83.42471,36.66734],[-83.39648,36.6769],[-83.38681,36.68661],[-83.30971,36.71064],[-83.2883,36.71371],[-83.19484,36.73945],[-83.13512,36.74263],[-83.13443,36.74936],[-83.12799,36.75065],[-83.12864,36.75966],[-83.12557,36.76162],[-83.13254,36.76439],[-83.12957,36.77019],[-83.13308,36.77168],[-83.12899,36.77578],[-83.13323,36.78458],[-83.12316,36.78669],[-83.10433,36.804],[-83.10256,36.81127],[-83.09848,36.81352],[-83.09851,36.8238],[-83.10194,36.82824],[-83.08746,36.83822],[-83.07517,36.84073],[-83.07585,36.85069],[-83.07284,36.85446],[-83.0478,36.85168],[-83.04138,36.85496],[-83.02661,36.85556],[-83.02208,36.84993],[-83.00658,36.84764],[-82.99759,36.85685],[-82.97858,36.85981],[-82.97079,36.85764],[-82.95158,36.86619],[-82.90782,36.87476],[-82.90738,36.8793],[-82.87908,36.88926],[-82.8784,36.89295],[-82.86798,36.90005],[-82.87738,36.90847],[-82.85764,36.92885],[-82.8623,36.94134],[-82.85577,36.95395],[-82.86594,36.95834],[-82.87098,36.96848],[-82.86731,36.97818],[-82.85698,36.97885],[-82.85358,36.9853],[-82.84524,36.98377],[-82.83714,36.98738],[-82.83018,36.99436],[-82.82872,37.0058],[-82.82252,37.00411],[-82.81686,37.00743],[-82.81345,37.00563],[-82.79789,37.00956],[-82.79366,37.00547],[-82.7885,37.00867],[-82.78286,37.00782],[-82.77716,37.01602],[-82.77185,37.01571],[-82.75948,37.02726],[-82.74786,37.02442],[-82.74276,37.0428],[-82.72421,37.04285],[-82.7222,37.05794],[-82.72674,37.07304],[-82.71665,37.07741],[-82.72502,37.09182],[-82.72168,37.10102],[-82.72669,37.11479],[-82.72141,37.12083],[-82.68289,37.13695],[-82.6767,37.13492],[-82.66766,37.14189],[-82.65672,37.14472],[-82.6533,37.15119],[-82.63338,37.15442],[-82.62065,37.16644],[-82.55387,37.20283],[-82.54614,37.12512],[-82.55387,37.203],[-82.53299,37.20663],[-82.53186,37.21243],[-82.52481,37.215],[-82.52091,37.21217],[-82.50388,37.22491],[-82.4966,37.2276],[-82.49141,37.22507],[-82.48655,37.23119],[-82.4574,37.23829],[-82.43969,37.24712],[-82.43049,37.24686],[-82.35218,37.26658],[-82.34873,37.26823],[-82.34896,37.272],[-82.34217,37.27396],[-82.34384,37.28074],[-82.32473,37.28304],[-82.31623,37.29465],[-82.31095,37.29758],[-82.3142,37.29608],[-81.96801,37.53803],[-81.96717,37.53294],[-81.95729,37.53537],[-81.95597,37.52839],[-81.94396,37.53128],[-81.94761,37.52591],[-81.94351,37.52076],[-81.94426,37.51328],[-81.93776,37.51358],[-81.93374,37.51949],[-81.92624,37.51357],[-81.94264,37.50884],[-81.94391,37.50293],[-81.95315,37.50131],[-81.95384,37.4915],[-81.96499,37.49349],[-81.97759,37.4846],[-81.9909,37.48443],[-81.99658,37.47671],[-81.99565,37.46983],[-81.98701,37.45488],[-81.97618,37.45719],[-81.96879,37.4515],[-81.97038,37.44769],[-81.95758,37.44912],[-81.94912,37.44558],[-81.94577,37.44021],[-81.93562,37.4384],[-81.93565,37.432],[-81.94055,37.42906],[-81.93891,37.422],[-81.93247,37.41522],[-81.92296,37.41139],[-81.92428,37.40732],[-81.93004,37.40529],[-81.92878,37.39385],[-81.93388,37.39065],[-81.93181,37.38548],[-81.93674,37.38073],[-81.93114,37.37576],[-81.93338,37.36934],[-81.92604,37.36551],[-81.92846,37.36046],[-81.92074,37.3554],[-81.91765,37.34915],[-81.91022,37.34896],[-81.90716,37.34264],[-81.8996,37.34161],[-81.89774,37.33321],[-81.89388,37.33002],[-81.87935,37.33249],[-81.87245,37.32236],[-81.86049,37.31594],[-81.86568,37.30948],[-81.85962,37.30476],[-81.85446,37.30657],[-81.85407,37.29004],[-81.84995,37.28523],[-81.83443,37.28542],[-81.83447,37.28176],[-81.82575,37.27909],[-81.80068,37.28568],[-81.7936,37.28484],[-81.79312,37.28117],[-81.78929,37.28442],[-81.78245,37.28232],[-81.77324,37.27391],[-81.75699,37.27607],[-81.75758,37.26855],[-81.74609,37.2637],[-81.74566,37.25809],[-81.7409,37.25432],[-81.74438,37.24355],[-81.74016,37.23769],[-81.74012,37.23775],[-81.73109,37.2401],[-81.71961,37.23847],[-81.71573,37.22877],[-81.69933,37.21992],[-81.69475,37.21337],[-81.68362,37.21162],[-81.68327,37.20565],[-81.67822,37.20154],[-81.55572,37.20759],[-81.54557,37.22016],[-81.50764,37.23371],[-81.50652,37.24525],[-81.4991,37.25795],[-81.49229,37.25096],[-81.48014,37.25112],[-81.47614,37.25563],[-81.46211,37.2599],[-81.45887,37.26287],[-81.46058,37.26553],[-81.44765,37.27224],[-81.43951,37.27091],[-81.4356,37.27416],[-81.42795,37.27102],[-81.41603,37.27363],[-81.41595,37.27894],[-81.41159,37.28033],[-81.4023,37.29581],[-81.40506,37.29879],[-81.39682,37.3045],[-81.39868,37.31025],[-81.39429,37.31641],[-81.38631,37.32064],[-81.37941,37.31757],[-81.37275,37.32025],[-81.36754,37.3269],[-81.36924,37.3324],[-81.36438,37.33801],[-81.32011,37.29932],[-81.2251,37.23487],[-81.25194,37.22141],[-81.24355,37.22406],[-81.15896,37.26538],[-81.09482,37.28264],[-81.03613,37.29025],[-80.97959,37.30228],[-80.98217,37.29602],[-80.98015,37.29274],[-80.99824,37.28003],[-81.01449,37.27538],[-80.97939,37.25012],[-80.89404,37.17937],[-80.87131,37.19377],[-80.86155,37.1785],[-80.88113,37.17106],[-80.85463,37.14748],[-80.8965,37.12282],[-80.93063,37.11509],[-80.91267,37.07335],[-80.89325,37.0274],[-80.83514,36.97894],[-80.80934,36.95338],[-80.81209,36.95255],[-80.80929,36.9404],[-80.80172,36.94378],[-80.80271,36.94655],[-80.74117,36.87975],[-80.6921,36.89473],[-80.68259,36.89514],[-80.67905,36.9027],[-80.68083,36.90923],[-80.67613,36.90804],[-80.65908,36.91345],[-80.65278,36.92279],[-80.64523,36.92688],[-80.63668,36.92707],[-80.63399,36.93178],[-80.464,36.70843],[-80.45569,36.70568],[-80.45378,36.70113],[-80.4603,36.69327],[-80.46601,36.67307],[-80.4892,36.66206],[-80.48893,36.6503],[-80.50152,36.65659],[-80.52519,36.64421],[-80.52888,36.6459],[-80.54021,36.64105],[-80.54987,36.64248],[-80.55388,36.65314],[-80.56468,36.65241],[-80.56644,36.65701],[-80.58099,36.66271],[-80.59495,36.66137],[-80.59253,36.65536],[-80.59871,36.65132],[-80.60296,36.65266],[-80.60351,36.63858],[-80.61098,36.63312],[-80.6141,36.62337],[-80.62179,36.61982],[-80.61936,36.61203],[-80.6256,36.60619],[-80.62291,36.59198],[-80.61499,36.58852],[-80.61206,36.5579],[-80.7046,36.5623],[-80.83795,36.55914],[-81.17693,36.57189],[-81.44305,36.57683],[-81.60046,36.58695],[-81.67749,36.58814],[-81.67244,36.59202],[-81.64691,36.61191],[-81.92264,36.61621],[-81.93414,36.59421],[-82.14557,36.59473],[-82.24323,36.59572]],[[-82.13035,36.67019],[-82.14457,36.67085],[-82.13959,36.67],[-82.13035,36.67019]],[[-82.12829,36.67452],[-82.12872,36.67658],[-82.13287,36.67768],[-82.12829,36.67452]],[[-82.12196,36.64694],[-82.12467,36.645],[-82.12242,36.64661],[-82.11432,36.6384],[-82.12196,36.64694]],[[-82.11673,36.64974],[-82.12666,36.65349],[-82.1169,36.64965],[-82.11673,36.64974]],[[-82.28813,37.30168],[-82.29287,37.30595],[-82.29392,37.30546],[-82.28813,37.30168]],[[-82.26973,37.28861],[-82.27052,37.29015],[-82.27053,37.29016],[-82.26973,37.28861]],[[-82.2652,37.27993],[-82.25567,37.27807],[-82.25611,37.27849],[-82.26523,37.27999],[-82.2652,37.27993]],[[-82.1397,37.05728],[-82.13602,37.06141],[-82.13603,37.06142],[-82.1397,37.05728]],[[-82.15907,37.03795],[-82.15049,37.04165],[-82.14696,37.04036],[-82.14534,37.04087],[-82.14938,37.04164],[-82.13695,37.05035],[-82.13699,37.05045],[-82.15907,37.03795]],[[-82.0757,37.03822],[-82.07563,37.03826],[-82.08788,37.04157],[-82.0757,37.03822]],[[-82.05627,37.04824],[-82.06607,37.04518],[-82.07458,37.0388],[-82.05627,37.04824]],[[-82.03546,37.05177],[-82.0317,37.0652],[-82.03583,37.05158],[-82.03546,37.05177]],[[-81.97711,37.12052],[-81.97628,37.12065],[-81.98732,37.12359],[-81.97711,37.12052]],[[-81.96724,37.1221],[-81.9672,37.12217],[-81.9696,37.12172],[-81.96724,37.1221]],[[-81.91427,37.13072],[-81.92269,37.13411],[-81.92294,37.13402],[-81.91427,37.13072]],[[-81.88967,37.11089],[-81.89257,37.12429],[-81.89724,37.13225],[-81.88967,37.11089]],[[-81.81873,36.94726],[-81.77987,36.95869],[-81.78055,36.95863],[-81.81873,36.94726]],[[-81.8434,36.92471],[-81.86001,36.90741],[-81.84003,36.92628],[-81.8434,36.92471]],[[-82.35636,36.77985],[-82.33165,36.70737],[-82.33208,36.70897],[-82.35636,36.77985]],[[-82.40663,36.87636],[-82.40238,36.88188],[-82.40737,36.8775],[-82.35636,36.77985],[-82.40663,36.87636]],[[-82.77376,36.80316],[-82.77365,36.80305],[-82.7728,36.8066],[-82.77376,36.80316]],[[-82.63468,36.87842],[-82.647,36.86728],[-82.6346,36.87843],[-82.63468,36.87842]],[[-82.61618,36.8808],[-82.63293,36.87864],[-82.40369,36.88561],[-82.61618,36.8808]],[[-82.4021,36.88224],[-82.40198,36.8824],[-82.40369,36.88561],[-82.4021,36.88224]],[[-82.77173,36.79985],[-82.77033,36.79948],[-82.83539,36.84787],[-82.77159,36.80003],[-82.77173,36.79985]],[[-82.77328,36.80266],[-82.77016,36.79944],[-82.76846,36.79899],[-82.77328,36.80266]],[[-82.78605,36.78852],[-82.78608,36.7885],[-82.79127,36.78041],[-82.78605,36.78852]],[[-82.28706,36.99745],[-82.27443,37.0015],[-82.28705,36.99746],[-82.28706,36.99745]],[[-82.26233,36.98961],[-82.26232,36.98961],[-82.27443,37.0015],[-82.26233,36.98961]],[[-82.26221,36.9896],[-82.25784,36.98915],[-82.25548,36.99017],[-82.26221,36.9896]],[[-82.18401,37.0268],[-82.18025,37.03503],[-82.18032,37.03499],[-82.18401,37.0268]],[[-82.17978,37.03533],[-82.1724,37.03924],[-82.17399,37.03901],[-82.17978,37.03533]],[[-82.16327,37.04055],[-82.16316,37.04053],[-82.16318,37.04056],[-82.16327,37.04055]],[[-82.16263,37.03988],[-82.16096,37.03713],[-82.16055,37.03731],[-82.16263,37.03988]],[[-82.61108,36.94865],[-82.60358,36.95862],[-82.60459,36.95929],[-82.61108,36.94865]],[[-82.59766,36.95806],[-82.59493,36.95608],[-82.59588,36.95523],[-82.58919,36.9508],[-82.5937,36.95596],[-82.59766,36.95806]],[[-82.59214,36.94078],[-82.59111,36.93576],[-82.59048,36.93581],[-82.59214,36.94078]],[[-82.61262,36.93412],[-82.62168,36.92917],[-82.62165,36.92889],[-82.61262,36.93412]],[[-82.63411,36.90615],[-82.63664,36.90629],[-82.64399,36.90012],[-82.63411,36.90615]],[[-82.47887,37.02315],[-82.47868,37.02313],[-82.47689,37.03472],[-82.47887,37.02315]],[[-81.61903,36.634],[-81.6058,36.63837],[-81.60578,36.63816],[-81.6016,36.64227],[-81.61903,36.634]],[[-81.26199,36.76303],[-81.2623,36.76294],[-81.24862,36.76402],[-81.26199,36.76303]],[[-81.03031,36.81452],[-81.04372,36.8061],[-81.04243,36.80645],[-81.03031,36.81452]],[[-80.95371,36.82677],[-81.02227,36.81131],[-80.88538,36.84183],[-80.95371,36.82677]],[[-80.85253,36.84907],[-80.85558,36.8484],[-80.81273,36.85323],[-80.85253,36.84907]],[[-80.94482,36.6709],[-80.94033,36.6726],[-80.94478,36.67097],[-80.94482,36.6709]],[[-80.93841,36.67641],[-80.93837,36.67202],[-80.93657,36.67543],[-80.93841,36.67641]],[[-80.93287,36.66877],[-80.93231,36.67029],[-80.93837,36.67202],[-80.93287,36.66877]],[[-80.93196,36.67124],[-80.93181,36.67162],[-80.93225,36.67159],[-80.93196,36.67124]],[[-80.93086,36.67419],[-80.92903,36.67913],[-80.93181,36.67671],[-80.93086,36.67419]],[[-80.92642,36.68142],[-80.92559,36.68186],[-80.92576,36.68199],[-80.92642,36.68142]],[[-80.9205,36.67814],[-80.91742,36.67977],[-80.91742,36.6802],[-80.9205,36.67814]],[[-80.91498,36.64928],[-80.91722,36.64705],[-80.91711,36.64675],[-80.91498,36.64928]],[[-80.92171,36.64353],[-80.94775,36.64836],[-80.94045,36.64529],[-80.92171,36.64353]],[[-80.94982,36.659],[-80.95002,36.65528],[-80.94775,36.64836],[-80.94982,36.659]],[[-80.94982,36.65902],[-80.94495,36.67069],[-80.9496,36.66299],[-80.94982,36.65902]],[[-81.68279,36.93293],[-81.67388,36.93454],[-81.64229,36.94787],[-81.68279,36.93293]],[[-81.64098,36.94842],[-81.64078,36.94851],[-81.57637,36.98967],[-81.64098,36.94842]],[[-81.48379,36.99024],[-81.48165,36.98673],[-81.48107,36.98695],[-81.48379,36.99024]],[[-81.43693,37.01002],[-81.47542,36.98906],[-81.4641,36.99331],[-81.43692,37.01001],[-81.43693,37.01002]],[[-81.17885,37.0251],[-81.17722,37.02517],[-81.20252,37.04245],[-81.17885,37.0251]],[[-81.2538,37.22083],[-81.2847,37.21573],[-81.26284,37.21798],[-81.2538,37.22083]],[[-81.26132,37.11473],[-81.27062,37.09252],[-81.27034,37.09264],[-81.26132,37.11473]],[[-81.39928,37.05768],[-81.43181,37.04326],[-81.42915,37.0437],[-81.39928,37.05768]]]}}],"description":"Working analytical groupings derived from 2025 U.S. Census Bureau TIGERweb county and independent-city boundaries; not legal or official planning-district boundaries."}
